,Ngày,Giá điều chỉnh,Giá đóng cửa,Giá bình quân,thay đổi,KL1,GT1,KL2,GT2,Giá tham chiếu,Giá mở cửa,Giá cao nhất,Giá thấp nhất
0,09/12/2021,32.00 ,32.00 ,32.00 ,0.00 (0.00 %),0 ,0 ,"2,800 ","76,160,000 ",32.00 ,32.00 ,32.00 ,32.00 
1,08/12/2021,32.00 ,32.00 ,32.00 ,0.00 (0.00 %),1 ,"34,400 ",0 ,0 ,32.00 ,32.0 ,32.00 ,32.00 
2,07/12/2021,32.00 ,32.00 ,32.00 ,0.00 (0.00 %),0 ,0 ,0 ,0 ,32.00 ,32.00 ,32.00 ,32.00 
3,06/12/2021,32.00 ,32.00 ,32.00 ,0.00 (0.00 %),200 ,"6,400,000 ",0 ,0 ,32.00 ,32.0 ,32.00 ,32.00 
4,03/12/2021,32.00 ,32.00 ,32.00 ,0.00 (0.00 %),1 ,"32,000 ",0 ,0 ,32.00 ,32.00 ,32.00 ,32.00 
5,02/12/2021,32.00 ,32.00 ,32.00 ,0.00 (0.00 %),0 ,0 ,0 ,0 ,32.00 ,32.0 ,32.00 ,32.00 
6,01/12/2021,32.00 ,32.00 ,32.00 ,0.00 (0.00 %),0 ,0 ,0 ,0 ,32.00 ,32.00 ,32.00 ,32.00 
7,30/11/2021,32.00 ,32.00 ,32.00 ,0.00 (0.00 %),0 ,0 ,0 ,0 ,32.00 ,32.0 ,32.00 ,32.00 
8,29/11/2021,32.00 ,32.00 ,32.00 ,0.00 (0.00 %),0 ,0 ,0 ,0 ,32.00 ,32.00 ,32.00 ,32.00 
9,26/11/2021,32.00 ,32.00 ,32.00 ,0.00 (0.00 %),201 ,"6,435,100 ",0 ,0 ,32.00 ,32.0 ,32.00 ,32.00 
10,25/11/2021,32.00 ,32.00 ,32.00 ,-0.30 (-0.93 %),100 ,"3,200,000 ",0 ,0 ,32.30 ,32.00 ,32.00 ,32.00 
11,24/11/2021,32.30 ,32.30 ,32.30 ,0.00 (0.00 %),0 ,0 ,0 ,0 ,32.30 ,32.3 ,32.30 ,32.30 
12,23/11/2021,32.30 ,32.30 ,32.30 ,0.00 (0.00 %),0 ,0 ,0 ,0 ,32.30 ,32.30 ,32.30 ,32.30 
13,22/11/2021,32.30 ,32.30 ,32.30 ,0.00 (0.00 %),0 ,0 ,0 ,0 ,32.30 ,32.3 ,32.30 ,32.30 
14,19/11/2021,32.30 ,32.30 ,32.30 ,0.00 (0.00 %),0 ,0 ,0 ,0 ,32.30 ,32.30 ,32.30 ,32.30 
15,18/11/2021,32.30 ,32.30 ,32.30 ,0.00 (0.00 %),7 ,"259,700 ","2,000 ","55,000,000 ",32.30 ,32.3 ,32.30 ,32.30 
16,17/11/2021,32.30 ,32.30 ,32.30 ,0.00 (0.00 %),0 ,0 ,0 ,0 ,32.30 ,32.30 ,32.30 ,32.30 
17,16/11/2021,32.30 ,32.30 ,32.30 ,-5.70 (-15.00 %),800 ,"25,840,000 ",0 ,0 ,38.00 ,32.3 ,32.30 ,32.30 
18,15/11/2021,38.00 ,38.00 ,38.00 ,4.80 (14.46 %),100 ,"3,800,000 ",0 ,0 ,33.20 ,38.00 ,38.00 ,38.00 
19,12/11/2021,32.00 ,32.00 ,32.00 ,-2.70 (-7.78 %),"1,511 ","50,241,700 ",0 ,0 ,34.70 ,33.5 ,33.50 ,32.00 
20,11/11/2021,34.70 ,34.70 ,34.70 ,0.00 (0.00 %),0 ,0 ,0 ,0 ,34.70 ,34.70 ,34.70 ,34.70 
21,10/11/2021,34.70 ,34.70 ,34.70 ,0.00 (0.00 %),0 ,0 ,0 ,0 ,34.70 ,34.7 ,34.70 ,34.70 
22,09/11/2021,34.70 ,34.70 ,34.70 ,0.00 (0.00 %),0 ,0 ,0 ,0 ,34.70 ,34.70 ,34.70 ,34.70 
23,08/11/2021,36.00 ,36.00 ,36.00 ,0.10 (0.28 %),900 ,"31,230,000 ",0 ,0 ,35.90 ,32.0 ,36.40 ,32.00 
24,05/11/2021,35.90 ,35.90 ,35.90 ,0.00 (0.00 %),0 ,0 ,0 ,0 ,35.90 ,35.90 ,35.90 ,35.90 
25,04/11/2021,35.90 ,35.90 ,35.90 ,0.00 (0.00 %),12 ,"432,000 ",0 ,0 ,35.90 ,35.9 ,35.90 ,35.90 
26,03/11/2021,36.00 ,36.00 ,36.00 ,0.10 (0.28 %),300 ,"10,780,000 ",0 ,0 ,35.90 ,35.90 ,36.00 ,35.90 
27,02/11/2021,35.90 ,35.90 ,35.90 ,0.00 (0.00 %),8 ,"287,200 ",0 ,0 ,35.90 ,35.9 ,35.90 ,35.90 
28,01/11/2021,35.90 ,35.90 ,35.90 ,0.00 (0.00 %),0 ,0 ,0 ,0 ,35.90 ,35.90 ,35.90 ,35.90 
29,29/10/2021,35.90 ,35.90 ,35.90 ,0.00 (0.00 %),0 ,0 ,0 ,0 ,35.90 ,35.9 ,35.90 ,35.90 
30,28/10/2021,35.90 ,35.90 ,35.90 ,0.00 (0.00 %),"1,000 ","35,900,000 ",0 ,0 ,35.90 ,35.90 ,35.90 ,35.90 
31,27/10/2021,35.90 ,35.90 ,35.90 ,0.00 (0.00 %),0 ,0 ,0 ,0 ,35.90 ,35.9 ,35.90 ,35.90 
32,26/10/2021,35.90 ,35.90 ,35.90 ,3.90 (12.19 %),300 ,"10,770,000 ",0 ,0 ,32.00 ,35.90 ,35.90 ,35.90 
33,25/10/2021,32.00 ,32.00 ,32.00 ,0.00 (0.00 %),0 ,0 ,0 ,0 ,32.00 ,32.0 ,32.00 ,32.00 
34,22/10/2021,32.00 ,32.00 ,32.00 ,0.00 (0.00 %),0 ,0 ,0 ,0 ,32.00 ,32.00 ,32.00 ,32.00 
35,21/10/2021,32.00 ,32.00 ,32.00 ,0.00 (0.00 %),0 ,0 ,0 ,0 ,32.00 ,32.0 ,32.00 ,32.00 
36,20/10/2021,32.00 ,32.00 ,32.00 ,0.00 (0.00 %),0 ,0 ,0 ,0 ,32.00 ,32.00 ,32.00 ,32.00 
37,19/10/2021,32.00 ,32.00 ,32.00 ,0.00 (0.00 %),0 ,0 ,0 ,0 ,32.00 ,32.0 ,32.00 ,32.00 
38,18/10/2021,32.00 ,32.00 ,32.00 ,0.00 (0.00 %),0 ,0 ,0 ,0 ,32.00 ,32.00 ,32.00 ,32.00 
39,15/10/2021,32.00 ,32.00 ,32.00 ,0.00 (0.00 %),0 ,0 ,0 ,0 ,32.00 ,32.0 ,32.00 ,32.00 
40,14/10/2021,32.00 ,32.00 ,32.00 ,0.00 (0.00 %),0 ,0 ,0 ,0 ,32.00 ,32.00 ,32.00 ,32.00 
41,13/10/2021,32.00 ,32.00 ,32.00 ,0.00 (0.00 %),0 ,0 ,0 ,0 ,32.00 ,32.0 ,32.00 ,32.00 
42,12/10/2021,32.00 ,32.00 ,32.00 ,0.00 (0.00 %),0 ,0 ,0 ,0 ,32.00 ,32.00 ,32.00 ,32.00 
43,11/10/2021,32.00 ,32.00 ,32.00 ,-5.00 (-13.51 %),501 ,"16,047,000 ",0 ,0 ,37.00 ,32.1 ,32.10 ,32.00 
44,08/10/2021,37.00 ,37.00 ,37.00 ,0.00 (0.00 %),0 ,0 ,0 ,0 ,37.00 ,37.00 ,37.00 ,37.00 
45,07/10/2021,37.00 ,37.00 ,37.00 ,0.00 (0.00 %),520 ,"19,340,000 ",0 ,0 ,37.00 ,37.0 ,37.00 ,37.00 
46,06/10/2021,37.00 ,37.00 ,37.00 ,1.40 (3.93 %),501 ,"18,540,900 ",0 ,0 ,35.60 ,37.00 ,37.00 ,37.00 
47,05/10/2021,35.60 ,35.60 ,35.60 ,0.00 (0.00 %),0 ,0 ,0 ,0 ,35.60 ,35.6 ,35.60 ,35.60 
48,04/10/2021,35.60 ,35.60 ,35.60 ,0.00 (0.00 %),0 ,0 ,0 ,0 ,35.60 ,35.60 ,35.60 ,35.60 
49,01/10/2021,35.60 ,35.60 ,35.60 ,0.00 (0.00 %),0 ,0 ,0 ,0 ,35.60 ,35.6 ,35.60 ,35.60 
50,30/09/2021,35.60 ,35.60 ,35.60 ,0.00 (0.00 %),0 ,0 ,0 ,0 ,35.60 ,35.60 ,35.60 ,35.60 
51,29/09/2021,35.60 ,35.60 ,35.60 ,0.00 (0.00 %),0 ,0 ,0 ,0 ,35.60 ,35.6 ,35.60 ,35.60 
52,28/09/2021,35.60 ,35.60 ,35.60 ,0.00 (0.00 %),0 ,0 ,0 ,0 ,35.60 ,35.60 ,35.60 ,35.60 
53,27/09/2021,35.60 ,35.60 ,35.60 ,0.00 (0.00 %),0 ,0 ,0 ,0 ,35.60 ,35.6 ,35.60 ,35.60 
54,24/09/2021,35.60 ,35.60 ,35.60 ,-0.40 (-1.11 %),300 ,"10,680,000 ",0 ,0 ,36.00 ,35.60 ,35.60 ,35.60 
55,23/09/2021,36.00 ,36.00 ,36.00 ,0.00 (0.00 %),900 ,"32,400,000 ",0 ,0 ,36.00 ,36.0 ,36.00 ,36.00 
56,22/09/2021,36.00 ,36.00 ,36.00 ,0.00 (0.00 %),100 ,"3,600,000 ",0 ,0 ,36.00 ,36.00 ,36.00 ,36.00 
57,21/09/2021,36.00 ,36.00 ,36.00 ,-0.20 (-0.55 %),100 ,"3,600,000 ",0 ,0 ,36.20 ,36.0 ,36.00 ,36.00 
58,20/09/2021,36.00 ,36.00 ,36.00 ,3.00 (9.09 %),800 ,"28,960,000 ",0 ,0 ,33.00 ,36.40 ,36.40 ,36.00 
59,17/09/2021,33.00 ,33.00 ,33.00 ,-0.60 (-1.79 %),200 ,"6,600,000 ",0 ,0 ,33.60 ,33.0 ,33.00 ,33.00 
60,16/09/2021,33.50 ,33.50 ,33.50 ,-0.30 (-0.89 %),600 ,"20,130,000 ",0 ,0 ,33.80 ,33.60 ,33.60 ,33.50 
61,15/09/2021,33.80 ,33.80 ,33.80 ,-0.20 (-0.59 %),400 ,"13,520,000 ",0 ,0 ,34.00 ,33.8 ,33.80 ,33.80 
62,14/09/2021,34.00 ,34.00 ,34.00 ,2.50 (7.94 %),300 ,"10,200,000 ",0 ,0 ,31.50 ,34.00 ,34.00 ,34.00 
63,13/09/2021,31.30 ,31.30 ,31.30 ,0.30 (0.97 %),800 ,"25,160,000 ",0 ,0 ,31.00 ,31.5 ,31.50 ,31.30 
64,10/09/2021,31.00 ,31.00 ,31.00 ,-2.00 (-6.06 %),300 ,"9,290,000 ",0 ,0 ,33.00 ,30.90 ,31.00 ,30.90 
65,09/09/2021,33.00 ,33.00 ,33.00 ,3.10 (10.37 %),"2,400 ","79,130,000 ",0 ,0 ,29.90 ,33.4 ,33.40 ,32.90 
66,08/09/2021,29.90 ,29.90 ,29.90 ,0.00 (0.00 %),0 ,0 ,0 ,0 ,29.90 ,29.90 ,29.90 ,29.90 
67,07/09/2021,29.90 ,29.90 ,29.90 ,0.00 (0.00 %),0 ,0 ,0 ,0 ,29.90 ,29.9 ,29.90 ,29.90 
68,06/09/2021,29.90 ,29.90 ,29.90 ,0.00 (0.00 %),0 ,0 ,0 ,0 ,29.90 ,29.90 ,29.90 ,29.90 
69,01/09/2021,29.90 ,29.90 ,29.90 ,-3.30 (-9.94 %),"2,100 ","62,850,000 ",0 ,0 ,33.20 ,29.6 ,30.00 ,29.60 
70,31/08/2021,33.20 ,33.20 ,33.20 ,0.00 (0.00 %),0 ,0 ,0 ,0 ,33.20 ,33.20 ,33.20 ,33.20 
71,30/08/2021,33.20 ,33.20 ,33.20 ,0.00 (0.00 %),0 ,0 ,0 ,0 ,33.20 ,33.2 ,33.20 ,33.20 
72,27/08/2021,33.00 ,33.00 ,33.00 ,-0.30 (-0.90 %),200 ,"6,630,000 ",0 ,0 ,33.30 ,33.30 ,33.30 ,33.00 
73,26/08/2021,33.30 ,33.30 ,33.30 ,-0.10 (-0.30 %),"2,000 ","66,600,000 ",0 ,0 ,33.40 ,33.3 ,33.30 ,33.30 
74,25/08/2021,33.40 ,33.40 ,33.40 ,0.00 (0.00 %),0 ,0 ,0 ,0 ,33.40 ,33.40 ,33.40 ,33.40 
75,24/08/2021,33.40 ,33.40 ,33.40 ,0.00 (0.00 %),0 ,0 ,0 ,0 ,33.40 ,33.4 ,33.40 ,33.40 
76,23/08/2021,35.40 ,35.40 ,35.40 ,2.20 (6.63 %),"2,000 ","66,720,000 ",0 ,0 ,33.20 ,32.00 ,35.40 ,32.00 
77,20/08/2021,30.10 ,30.10 ,30.10 ,0.90 (3.08 %),"1,000 ","33,160,000 ",0 ,0 ,29.20 ,33.5 ,33.50 ,30.10 
78,19/08/2021,29.20 ,29.20 ,29.20 ,0.00 (0.00 %),0 ,0 ,0 ,0 ,29.20 ,29.20 ,29.20 ,29.20 
79,18/08/2021,29.20 ,29.20 ,29.20 ,0.00 (0.00 %),0 ,0 ,0 ,0 ,29.20 ,29.2 ,29.20 ,29.20 
80,17/08/2021,29.20 ,29.20 ,29.20 ,0.00 (0.00 %),0 ,0 ,0 ,0 ,29.20 ,29.20 ,29.20 ,29.20 
81,16/08/2021,29.20 ,29.20 ,29.20 ,-0.80 (-2.67 %),"1,000 ","29,200,000 ",0 ,0 ,30.00 ,29.2 ,29.20 ,29.20 
82,13/08/2021,30.00 ,30.00 ,30.00 ,0.50 (1.69 %),100 ,"3,000,000 ",0 ,0 ,29.50 ,30.00 ,30.00 ,30.00 
83,12/08/2021,29.50 ,29.50 ,29.50 ,-2.40 (-7.52 %),300 ,"8,850,000 ",0 ,0 ,31.90 ,29.5 ,29.50 ,29.50 
84,11/08/2021,32.10 ,32.10 ,32.10 ,0.10 (0.31 %),"1,200 ","38,250,000 ",0 ,0 ,32.00 ,30.00 ,32.10 ,30.00 
85,10/08/2021,32.00 ,32.00 ,32.00 ,0.00 (0.00 %),100 ,"3,200,000 ",0 ,0 ,32.00 ,32.0 ,32.00 ,32.00 
86,09/08/2021,32.00 ,32.00 ,32.00 ,0.00 (0.00 %),200 ,"6,400,000 ",0 ,0 ,32.00 ,32.00 ,32.00 ,32.00 
87,06/08/2021,32.00 ,32.00 ,32.00 ,0.00 (0.00 %),700 ,"22,400,000 ",0 ,0 ,32.00 ,32.0 ,32.00 ,32.00 
88,05/08/2021,32.00 ,32.00 ,32.00 ,0.00 (0.00 %),0 ,0 ,0 ,0 ,32.00 ,32.00 ,32.00 ,32.00 
89,04/08/2021,32.00 ,32.00 ,32.00 ,0.00 (0.00 %),0 ,0 ,0 ,0 ,32.00 ,32.0 ,32.00 ,32.00 
90,03/08/2021,32.00 ,32.00 ,32.00 ,0.00 (0.00 %),100 ,"3,200,000 ",0 ,0 ,32.00 ,32.00 ,32.00 ,32.00 
91,02/08/2021,33.00 ,33.00 ,33.00 ,2.10 (6.80 %),200 ,"6,400,000 ",0 ,0 ,30.90 ,31.0 ,33.00 ,31.00 
92,30/07/2021,30.90 ,30.90 ,30.90 ,0.40 (1.31 %),"11,000 ","339,900,000 ",0 ,0 ,30.50 ,30.90 ,30.90 ,30.90 
93,29/07/2021,30.50 ,30.50 ,30.50 ,0.00 (0.00 %),0 ,0 ,0 ,0 ,30.50 ,30.5 ,30.50 ,30.50 
94,28/07/2021,30.50 ,30.50 ,30.50 ,0.00 (0.00 %),0 ,0 ,0 ,0 ,30.50 ,30.50 ,30.50 ,30.50 
95,27/07/2021,30.50 ,30.50 ,30.50 ,0.00 (0.00 %),0 ,0 ,0 ,0 ,30.50 ,30.5 ,30.50 ,30.50 
96,26/07/2021,30.50 ,30.50 ,30.50 ,0.00 (0.00 %),0 ,0 ,0 ,0 ,30.50 ,30.50 ,30.50 ,30.50 
97,23/07/2021,30.50 ,30.50 ,30.50 ,0.00 (0.00 %),0 ,0 ,0 ,0 ,30.50 ,30.5 ,30.50 ,30.50 
98,22/07/2021,30.50 ,30.50 ,30.50 ,0.00 (0.00 %),3 ,"91,500 ",0 ,0 ,30.50 ,30.50 ,30.50 ,30.50 
99,21/07/2021,30.50 ,30.50 ,30.50 ,0.00 (0.00 %),0 ,0 ,0 ,0 ,30.50 ,30.5 ,30.50 ,30.50 
100,20/07/2021,30.50 ,30.50 ,30.50 ,0.00 (0.00 %),0 ,0 ,0 ,0 ,30.50 ,30.50 ,30.50 ,30.50 
101,19/07/2021,30.50 ,30.50 ,30.50 ,0.20 (0.66 %),"10,403 ","316,964,400 ",0 ,0 ,30.30 ,30.5 ,30.50 ,30.30 
102,16/07/2021,30.50 ,30.50 ,30.50 ,-0.20 (-0.65 %),"3,500 ","106,000,000 ",0 ,0 ,30.70 ,30.00 ,30.50 ,30.00 
103,15/07/2021,31.00 ,31.00 ,31.00 ,0.50 (1.64 %),"2,900 ","88,920,000 ",0 ,0 ,30.50 ,30.5 ,31.00 ,30.50 
104,14/07/2021,30.50 ,30.50 ,30.50 ,0.00 (0.00 %),0 ,0 ,0 ,0 ,30.50 ,30.50 ,30.50 ,30.50 
105,13/07/2021,30.90 ,30.90 ,30.90 ,0.00 (0.00 %),800 ,"24,430,000 ",0 ,0 ,30.90 ,30.4 ,30.90 ,30.40 
106,12/07/2021,30.90 ,30.90 ,30.90 ,3.80 (14.02 %),100 ,"3,090,000 ",0 ,0 ,27.10 ,30.90 ,30.90 ,30.90 
107,09/07/2021,26.70 ,26.70 ,26.70 ,-4.60 (-14.70 %),"5,000 ","135,370,000 ","2,200 ","58,740,000 ",31.30 ,28.7 ,28.70 ,26.70 
108,07/07/2021,31.30 ,31.30 ,31.30 ,0.00 (0.00 %),600 ,"18,780,000 ",0 ,0 ,31.30 ,31.30 ,31.30 ,31.30 
109,06/07/2021,31.30 ,31.30 ,31.30 ,0.00 (0.00 %),0 ,0 ,0 ,0 ,31.30 ,31.3 ,31.30 ,31.30 
110,05/07/2021,31.30 ,31.30 ,31.30 ,0.00 (0.00 %),0 ,0 ,0 ,0 ,31.30 ,31.30 ,31.30 ,31.30 
111,02/07/2021,32.00 ,32.00 ,31.30 ,0.00 (0.00 %),0 ,0 ,"3,600 ","97,920,000 ",32.00 ,32.0 ,32.00 ,32.00 
112,01/07/2021,32.00 ,32.00 ,31.30 ,0.00 (0.00 %),0 ,0 ,0 ,0 ,32.00 ,32.00 ,32.00 ,32.00 
113,30/06/2021,32.00 ,32.00 ,31.30 ,0.00 (0.00 %),0 ,0 ,0 ,0 ,32.00 ,32.0 ,32.00 ,32.00 
114,29/06/2021,31.30 ,32.00 ,31.30 ,0.00 (0.00 %),200 ,"6,400,000 ",0 ,0 ,32.00 ,32.00 ,32.00 ,32.00 
115,28/06/2021,32.00 ,32.00 ,31.30 ,0.00 (0.00 %),0 ,0 ,0 ,0 ,32.00 ,32.0 ,32.00 ,32.00 
116,25/06/2021,32.00 ,32.00 ,31.30 ,0.00 (0.00 %),0 ,0 ,"4,000 ","108,800,000 ",32.00 ,32.00 ,32.00 ,32.00 
117,24/06/2021,31.30 ,32.00 ,31.30 ,0.00 (0.00 %),100 ,"3,200,000 ",0 ,0 ,32.00 ,32.0 ,32.00 ,32.00 
118,23/06/2021,32.00 ,32.00 ,31.30 ,0.00 (0.00 %),0 ,0 ,0 ,0 ,32.00 ,32.00 ,32.00 ,32.00 
119,22/06/2021,31.30 ,32.00 ,31.30 ,-1.00 (-3.03 %),200 ,"6,400,000 ",0 ,0 ,33.00 ,32.0 ,32.00 ,32.00 
120,18/06/2021,31.97 ,31.30 ,30.61 ,-0.70 (-2.19 %),"12,900 ","421,610,000 ","10,600 ","288,320,000 ",32.00 ,33.00 ,33.00 ,27.20 
121,17/06/2021,31.30 ,32.00 ,31.30 ,0.00 (0.00 %),"3,200 ","102,400,000 ",0 ,0 ,32.00 ,32.0 ,32.00 ,32.00 
122,16/06/2021,31.30 ,32.00 ,31.30 ,-4.20 (-11.60 %),500 ,"16,000,000 ",0 ,0 ,36.20 ,32.00 ,32.00 ,32.00 
123,15/06/2021,35.44 ,33.00 ,32.28 ,-3.80 (-10.33 %),"15,600 ","565,230,000 ",0 ,0 ,36.80 ,37.0 ,37.00 ,31.50 
124,14/06/2021,35.99 ,36.80 ,35.99 ,4.80 (15.00 %),100 ,"3,680,000 ","12,900 ","350,880,000 ",32.00 ,36.80 ,36.80 ,27.20 
125,11/06/2021,31.30 ,32.00 ,31.30 ,0.00 (0.00 %),"1,100 ","35,200,000 ",0 ,0 ,32.00 ,32.0 ,32.00 ,32.00 
126,10/06/2021,31.30 ,32.00 ,31.30 ,0.00 (0.00 %),200 ,"6,400,000 ",0 ,0 ,32.00 ,32.00 ,32.00 ,32.00 
127,09/06/2021,31.30 ,33.80 ,33.06 ,2.40 (7.64 %),400 ,"12,800,000 ",0 ,0 ,31.40 ,31.4 ,33.80 ,31.40 
128,08/06/2021,30.76 ,31.50 ,30.81 ,0.20 (0.64 %),"2,100 ","66,040,000 ",0 ,0 ,31.30 ,31.40 ,31.50 ,31.40 
129,07/06/2021,30.62 ,31.00 ,30.32 ,1.00 (3.33 %),"6,100 ","190,950,000 ",0 ,0 ,30.00 ,30.0 ,31.50 ,30.00 
130,04/06/2021,30.00 ,30.00 ,29.34 ,0.00 (0.00 %),0 ,0 ,0 ,0 ,30.00 ,30.00 ,30.00 ,30.00 
131,03/06/2021,29.34 ,30.00 ,29.34 ,-1.00 (-3.23 %),"1,000 ","30,000,000 ",0 ,0 ,31.00 ,30.0 ,30.00 ,30.00 
132,02/06/2021,30.28 ,30.00 ,29.34 ,0.00 (0.00 %),"2,200 ","68,100,000 ",0 ,0 ,30.00 ,31.00 ,31.00 ,30.00 
133,01/06/2021,29.33 ,29.50 ,28.85 ,-2.00 (-6.35 %),"4,000 ","119,960,000 ",0 ,0 ,31.50 ,30.2 ,30.20 ,29.50 
134,31/05/2021,30.82 ,31.50 ,30.81 ,-4.90 (-13.46 %),"2,600 ","81,940,000 ",0 ,0 ,36.40 ,31.60 ,31.60 ,31.50 
135,28/05/2021,36.40 ,36.40 ,35.60 ,0.00 (0.00 %),0 ,0 ,0 ,0 ,36.40 ,36.4 ,36.40 ,36.40 
136,27/05/2021,35.60 ,36.40 ,35.60 ,4.00 (12.35 %),"12,000 ","436,800,000 ",0 ,0 ,32.40 ,36.40 ,36.40 ,36.40 
137,26/05/2021,31.67 ,33.00 ,32.28 ,1.00 (3.13 %),"2,400 ","77,700,000 ",0 ,0 ,32.00 ,32.0 ,33.00 ,32.00 
138,25/05/2021,32.00 ,32.00 ,31.30 ,0.00 (0.00 %),0 ,0 ,0 ,0 ,32.00 ,32.00 ,32.00 ,32.00 
139,24/05/2021,31.30 ,32.00 ,31.30 ,0.00 (0.00 %),100 ,"3,200,000 ",0 ,0 ,32.00 ,32.0 ,32.00 ,32.00 
140,21/05/2021,32.00 ,32.00 ,31.30 ,0.00 (0.00 %),0 ,0 ,0 ,0 ,32.00 ,32.00 ,32.00 ,32.00 
141,20/05/2021,32.00 ,32.00 ,31.30 ,0.00 (0.00 %),0 ,0 ,0 ,0 ,32.00 ,32.0 ,32.00 ,32.00 
142,19/05/2021,31.30 ,32.00 ,31.30 ,-0.90 (-2.74 %),"2,000 ","64,000,000 ",0 ,0 ,32.90 ,32.00 ,32.00 ,32.00 
143,18/05/2021,32.18 ,32.90 ,32.18 ,-0.30 (-0.90 %),300 ,"9,870,000 ",0 ,0 ,33.20 ,32.9 ,32.90 ,32.90 
144,17/05/2021,33.20 ,33.20 ,32.47 ,0.00 (0.00 %),0 ,0 ,0 ,0 ,33.20 ,33.20 ,33.20 ,33.20 
145,14/05/2021,33.20 ,33.20 ,32.47 ,0.00 (0.00 %),0 ,0 ,0 ,0 ,33.20 ,33.2 ,33.20 ,33.20 
146,13/05/2021,32.47 ,33.20 ,32.47 ,-0.40 (-1.19 %),"1,000 ","33,200,000 ","5,000 ","143,000,000 ",33.60 ,33.20 ,33.20 ,28.60 
147,12/05/2021,32.90 ,33.50 ,32.77 ,-0.40 (-1.18 %),300 ,"10,090,000 ",0 ,0 ,33.90 ,33.7 ,33.70 ,33.50 
148,11/05/2021,33.90 ,33.90 ,33.16 ,0.00 (0.00 %),0 ,0 ,0 ,0 ,33.90 ,33.90 ,33.90 ,33.90 
149,10/05/2021,33.90 ,33.90 ,33.16 ,0.00 (0.00 %),0 ,0 ,0 ,0 ,33.90 ,33.9 ,33.90 ,33.90 
150,07/05/2021,33.90 ,33.90 ,33.16 ,0.00 (0.00 %),0 ,0 ,0 ,0 ,33.90 ,33.90 ,33.90 ,33.90 
151,06/05/2021,33.90 ,33.90 ,33.16 ,0.00 (0.00 %),0 ,0 ,0 ,0 ,33.90 ,33.9 ,33.90 ,33.90 
152,05/05/2021,33.90 ,33.90 ,33.16 ,0.00 (0.00 %),0 ,0 ,0 ,0 ,33.90 ,33.90 ,33.90 ,33.90 
153,04/05/2021,33.90 ,33.90 ,33.16 ,0.00 (0.00 %),0 ,0 ,0 ,0 ,33.90 ,33.9 ,33.90 ,33.90 
154,29/04/2021,33.90 ,33.90 ,33.16 ,0.00 (0.00 %),0 ,0 ,0 ,0 ,33.90 ,33.90 ,33.90 ,33.90 
155,28/04/2021,33.90 ,33.90 ,33.16 ,0.00 (0.00 %),0 ,0 ,0 ,0 ,33.90 ,33.9 ,33.90 ,33.90 
156,27/04/2021,33.90 ,33.90 ,33.16 ,0.00 (0.00 %),0 ,0 ,0 ,0 ,33.90 ,33.90 ,33.90 ,33.90 
157,26/04/2021,33.16 ,33.90 ,33.16 ,3.50 (11.51 %),800 ,"27,120,000 ",0 ,0 ,30.40 ,33.9 ,33.90 ,33.90 
158,23/04/2021,30.40 ,30.40 ,29.73 ,0.00 (0.00 %),0 ,0 ,0 ,0 ,30.40 ,30.40 ,30.40 ,30.40 
159,22/04/2021,30.40 ,30.40 ,29.73 ,0.00 (0.00 %),0 ,0 ,0 ,0 ,30.40 ,30.4 ,30.40 ,30.40 
160,20/04/2021,29.78 ,30.00 ,29.34 ,-2.30 (-7.12 %),"1,100 ","33,490,000 ",0 ,0 ,32.30 ,34.90 ,34.90 ,30.00 
161,19/04/2021,32.30 ,32.30 ,31.59 ,0.00 (0.00 %),0 ,0 ,0 ,0 ,32.30 ,32.3 ,32.30 ,32.30 
162,16/04/2021,31.59 ,32.30 ,31.59 ,0.00 (0.00 %),"1,800 ","58,140,000 ",0 ,0 ,32.30 ,32.30 ,32.30 ,32.30 
163,15/04/2021,31.59 ,32.30 ,31.59 ,0.00 (0.00 %),0 ,0 ,0 ,0 ,32.30 ,32.3 ,32.30 ,32.30 
164,14/04/2021,32.30 ,32.30 ,31.59 ,0.00 (0.00 %),0 ,0 ,0 ,0 ,32.30 ,32.30 ,32.30 ,32.30 
165,13/04/2021,32.30 ,32.30 ,31.59 ,0.00 (0.00 %),0 ,0 ,0 ,0 ,32.30 ,32.3 ,32.30 ,32.30 
166,12/04/2021,32.30 ,32.30 ,31.59 ,0.00 (0.00 %),0 ,0 ,0 ,0 ,32.30 ,32.30 ,32.30 ,32.30 
167,09/04/2021,32.30 ,32.30 ,31.59 ,0.00 (0.00 %),0 ,0 ,0 ,0 ,32.30 ,32.3 ,32.30 ,32.30 
168,08/04/2021,32.30 ,32.30 ,31.59 ,0.00 (0.00 %),0 ,0 ,0 ,0 ,32.30 ,32.30 ,32.30 ,32.30 
169,07/04/2021,31.55 ,32.80 ,32.08 ,4.20 (14.69 %),700 ,"22,580,000 ",0 ,0 ,28.60 ,31.0 ,32.80 ,31.00 
170,06/04/2021,28.60 ,28.60 ,27.97 ,0.00 (0.00 %),0 ,0 ,0 ,0 ,28.60 ,28.60 ,28.60 ,28.60 
171,05/04/2021,27.97 ,28.60 ,27.97 ,-1.70 (-5.61 %),100 ,"2,860,000 ",0 ,0 ,30.30 ,28.6 ,28.60 ,28.60 
172,02/04/2021,29.64 ,30.30 ,29.64 ,0.20 (0.66 %),100 ,"3,030,000 ",0 ,0 ,30.10 ,30.30 ,30.30 ,30.30 
173,01/04/2021,29.44 ,30.10 ,29.44 ,0.10 (0.33 %),100 ,"3,010,000 ",0 ,0 ,30.00 ,30.1 ,30.10 ,30.10 
174,31/03/2021,29.35 ,30.00 ,29.34 ,-0.30 (-0.99 %),"1,000 ","30,010,000 ","4,300 ","110,940,000 ",30.30 ,30.10 ,30.10 ,25.80 
175,30/03/2021,30.30 ,30.30 ,29.64 ,0.00 (0.00 %),0 ,0 ,0 ,0 ,30.30 ,30.3 ,30.30 ,30.30 
176,29/03/2021,29.60 ,30.20 ,29.54 ,0.00 (0.00 %),"1,000 ","30,260,000 ",0 ,0 ,30.20 ,30.50 ,30.50 ,30.20 
177,26/03/2021,29.51 ,30.60 ,29.93 ,-4.20 (-12.07 %),700 ,"21,120,000 ",0 ,0 ,34.80 ,30.0 ,30.60 ,30.00 
178,25/03/2021,34.80 ,34.80 ,34.04 ,0.00 (0.00 %),0 ,0 ,0 ,0 ,34.80 ,34.80 ,34.80 ,34.80 
179,24/03/2021,34.80 ,34.80 ,34.04 ,0.00 (0.00 %),0 ,0 ,0 ,0 ,34.80 ,34.8 ,34.80 ,34.80 
180,23/03/2021,34.04 ,34.80 ,34.04 ,0.00 (0.00 %),200 ,"6,960,000 ",0 ,0 ,34.80 ,34.80 ,34.80 ,34.80 
181,22/03/2021,34.80 ,34.80 ,34.04 ,0.00 (0.00 %),0 ,0 ,0 ,0 ,34.80 ,34.8 ,34.80 ,34.80 
182,19/03/2021,34.02 ,33.80 ,33.06 ,-1.20 (-3.43 %),600 ,"20,870,000 ",0 ,0 ,35.00 ,34.90 ,35.00 ,33.80 
183,18/03/2021,35.00 ,35.00 ,34.23 ,0.00 (0.00 %),0 ,0 ,0 ,0 ,35.00 ,35.0 ,35.00 ,35.00 
184,17/03/2021,34.23 ,35.00 ,34.23 ,2.70 (8.36 %),100 ,"3,500,000 ",0 ,0 ,32.30 ,35.00 ,35.00 ,35.00 
185,16/03/2021,32.30 ,32.30 ,31.59 ,0.00 (0.00 %),0 ,0 ,0 ,0 ,32.30 ,32.3 ,32.30 ,32.30 
186,15/03/2021,32.30 ,32.30 ,31.59 ,0.00 (0.00 %),0 ,0 ,0 ,0 ,32.30 ,32.30 ,32.30 ,32.30 
187,12/03/2021,32.30 ,32.30 ,31.59 ,0.00 (0.00 %),0 ,0 ,0 ,0 ,32.30 ,32.3 ,32.30 ,32.30 
188,11/03/2021,31.59 ,32.30 ,31.59 ,0.70 (2.22 %),100 ,"3,230,000 ",0 ,0 ,31.60 ,32.30 ,32.30 ,32.30 
189,10/03/2021,30.95 ,34.00 ,33.26 ,-1.60 (-4.49 %),800 ,"25,310,000 ",0 ,0 ,35.60 ,31.0 ,34.00 ,31.00 
190,09/03/2021,35.60 ,35.60 ,34.82 ,0.00 (0.00 %),0 ,0 ,0 ,0 ,35.60 ,35.60 ,35.60 ,35.60 
191,05/03/2021,35.60 ,35.60 ,34.82 ,0.00 (0.00 %),0 ,0 ,0 ,0 ,35.60 ,35.6 ,35.60 ,35.60 
192,04/03/2021,35.60 ,35.60 ,34.82 ,0.00 (0.00 %),0 ,0 ,0 ,0 ,35.60 ,35.60 ,35.60 ,35.60 
193,03/03/2021,34.84 ,36.00 ,35.21 ,0.00 (0.00 %),400 ,"14,250,000 ",0 ,0 ,36.00 ,35.5 ,36.00 ,35.50 
194,02/03/2021,36.00 ,36.00 ,35.21 ,0.00 (0.00 %),0 ,0 ,0 ,0 ,36.00 ,36.00 ,36.00 ,36.00 
195,01/03/2021,35.21 ,36.00 ,35.21 ,3.60 (11.11 %),"1,700 ","61,190,000 ",0 ,0 ,32.40 ,35.9 ,36.00 ,35.90 
196,26/02/2021,32.40 ,32.40 ,31.69 ,0.00 (0.00 %),0 ,0 ,0 ,0 ,32.40 ,32.40 ,32.40 ,32.40 
197,25/02/2021,31.69 ,32.40 ,31.69 ,3.80 (13.29 %),400 ,"12,960,000 ",0 ,0 ,28.60 ,32.4 ,32.40 ,32.40 
198,24/02/2021,27.97 ,28.60 ,27.97 ,-2.80 (-8.92 %),100 ,"2,860,000 ",0 ,0 ,31.40 ,28.60 ,28.60 ,28.60 
199,23/02/2021,31.40 ,31.40 ,30.71 ,0.00 (0.00 %),0 ,0 ,0 ,0 ,31.40 ,31.4 ,31.40 ,31.40 
200,22/02/2021,30.71 ,31.10 ,30.42 ,-4.90 (-13.61 %),600 ,"18,840,000 ",0 ,0 ,36.00 ,32.00 ,32.00 ,31.10 
201,19/02/2021,35.21 ,36.00 ,35.21 ,1.50 (4.35 %),200 ,"7,200,000 ",0 ,0 ,34.50 ,36.0 ,36.00 ,36.00 
202,18/02/2021,34.50 ,34.50 ,33.74 ,0.00 (0.00 %),0 ,0 ,0 ,0 ,34.50 ,34.50 ,34.50 ,34.50 
203,17/02/2021,33.77 ,34.90 ,34.14 ,2.60 (8.05 %),700 ,"24,170,000 ",0 ,0 ,32.30 ,32.3 ,34.90 ,32.30 
204,09/02/2021,31.59 ,32.30 ,31.59 ,0.00 (0.00 %),0 ,0 ,0 ,0 ,32.30 ,32.30 ,32.30 ,32.30 
205,05/02/2021,31.62 ,32.00 ,31.30 ,-1.00 (-3.03 %),600 ,"19,400,000 ",0 ,0 ,33.00 ,33.0 ,33.00 ,32.00 
206,04/02/2021,33.00 ,33.00 ,32.28 ,0.00 (0.00 %),0 ,0 ,0 ,0 ,33.00 ,33.00 ,33.00 ,33.00 
207,03/02/2021,33.00 ,33.00 ,32.28 ,0.00 (0.00 %),0 ,0 ,0 ,0 ,33.00 ,33.0 ,33.00 ,33.00 
208,02/02/2021,32.28 ,33.00 ,32.28 ,3.80 (13.01 %),200 ,"6,600,000 ",0 ,0 ,29.20 ,33.00 ,33.00 ,33.00 
209,01/02/2021,29.20 ,29.20 ,28.56 ,0.00 (0.00 %),0 ,0 ,0 ,0 ,29.20 ,29.2 ,29.20 ,29.20 
210,29/01/2021,29.20 ,29.20 ,28.56 ,0.00 (0.00 %),0 ,0 ,0 ,0 ,29.20 ,29.20 ,29.20 ,29.20 
211,28/01/2021,28.56 ,29.20 ,28.56 ,-4.80 (-14.12 %),"1,800 ","52,560,000 ",0 ,0 ,34.00 ,29.2 ,29.20 ,29.20 
212,27/01/2021,33.26 ,34.00 ,33.26 ,0.00 (0.00 %),100 ,"3,400,000 ",0 ,0 ,34.00 ,34.00 ,34.00 ,34.00 
213,26/01/2021,34.00 ,34.00 ,33.26 ,0.00 (0.00 %),0 ,0 ,0 ,0 ,34.00 ,34.0 ,34.00 ,34.00 
214,25/01/2021,33.28 ,34.10 ,33.35 ,-0.60 (-1.73 %),400 ,"13,610,000 ",0 ,0 ,34.70 ,34.00 ,34.10 ,34.00 
215,22/01/2021,33.93 ,33.00 ,32.28 ,-2.00 (-5.71 %),900 ,"31,220,000 ",0 ,0 ,35.00 ,34.9 ,34.90 ,33.00 
216,21/01/2021,34.23 ,35.00 ,34.23 ,-2.90 (-7.65 %),100 ,"3,500,000 ",0 ,0 ,37.90 ,35.00 ,35.00 ,35.00 
217,20/01/2021,37.07 ,37.90 ,37.07 ,3.10 (8.91 %),100 ,"3,790,000 ",0 ,0 ,34.80 ,37.9 ,37.90 ,37.90 
218,19/01/2021,34.80 ,34.80 ,34.04 ,0.00 (0.00 %),0 ,0 ,0 ,0 ,34.80 ,34.80 ,34.80 ,34.80 
219,18/01/2021,34.04 ,34.80 ,34.04 ,3.50 (11.18 %),"1,400 ","48,720,000 ",0 ,0 ,31.30 ,34.8 ,34.80 ,34.80 
220,15/01/2021,30.57 ,31.20 ,30.52 ,-5.40 (-14.75 %),"1,400 ","43,760,000 ",0 ,0 ,36.60 ,31.50 ,31.50 ,31.20 
221,14/01/2021,36.60 ,36.60 ,35.80 ,0.00 (0.00 %),0 ,0 ,0 ,0 ,36.60 ,36.6 ,36.60 ,36.60 
222,13/01/2021,36.60 ,36.60 ,35.80 ,0.00 (0.00 %),0 ,0 ,0 ,0 ,36.60 ,36.60 ,36.60 ,36.60 
223,12/01/2021,36.60 ,36.60 ,35.80 ,0.00 (0.00 %),0 ,0 ,0 ,0 ,36.60 ,36.6 ,36.60 ,36.60 
224,11/01/2021,35.75 ,38.50 ,36.17 ,0.10 (0.26 %),"1,000 ","38,050,000 ",0 ,0 ,38.40 ,38.00 ,38.50 ,38.00 
225,08/01/2021,38.40 ,38.40 ,36.08 ,0.00 (0.00 %),0 ,0 ,0 ,0 ,38.40 ,38.4 ,38.40 ,38.40 
226,07/01/2021,36.12 ,38.60 ,36.27 ,3.10 (8.73 %),"1,400 ","53,820,000 ",0 ,0 ,35.50 ,37.50 ,38.60 ,37.50 
227,06/01/2021,33.35 ,35.50 ,33.35 ,1.00 (2.90 %),100 ,"3,550,000 ",0 ,0 ,34.50 ,35.5 ,35.50 ,35.50 
228,05/01/2021,32.41 ,34.50 ,32.41 ,0.00 (0.00 %),100 ,"3,450,000 ","21,000 ","617,400,000 ",34.50 ,34.50 ,34.50 ,29.40 
229,04/01/2021,34.50 ,34.50 ,32.41 ,0.00 (0.00 %),0 ,0 ,0 ,0 ,34.50 ,34.5 ,34.50 ,34.50 
230,31/12/2020,32.41 ,34.50 ,32.41 ,-0.30 (-0.86 %),200 ,"6,900,000 ",0 ,0 ,34.80 ,34.50 ,34.50 ,34.50 
231,30/12/2020,32.70 ,34.80 ,32.70 ,0.00 (0.00 %),0 ,0 ,0 ,0 ,34.80 ,34.8 ,34.80 ,34.80 
232,29/12/2020,34.80 ,34.80 ,32.70 ,0.00 (0.00 %),0 ,0 ,0 ,0 ,34.80 ,34.80 ,34.80 ,34.80 
233,28/12/2020,32.66 ,35.00 ,32.88 ,0.40 (1.16 %),500 ,"17,380,000 ",0 ,0 ,34.60 ,34.6 ,35.00 ,34.60 
234,25/12/2020,34.60 ,34.60 ,32.51 ,0.00 (0.00 %),0 ,0 ,0 ,0 ,34.60 ,34.60 ,34.60 ,34.60 
235,24/12/2020,34.60 ,34.60 ,32.51 ,0.00 (0.00 %),0 ,0 ,0 ,0 ,34.60 ,34.6 ,34.60 ,34.60 
236,23/12/2020,32.47 ,34.50 ,32.41 ,0.00 (0.00 %),"2,600 ","89,860,000 ",0 ,0 ,34.50 ,34.50 ,34.60 ,34.50 
237,22/12/2020,32.41 ,34.50 ,32.41 ,4.50 (15.00 %),119 ,"4,020,000 ",0 ,0 ,30.00 ,34.5 ,34.50 ,34.50 
238,21/12/2020,28.19 ,30.00 ,28.19 ,0.00 (0.00 %),200 ,"6,000,000 ",0 ,0 ,30.00 ,30.00 ,30.00 ,30.00 
239,18/12/2020,28.19 ,30.00 ,28.19 ,-0.40 (-1.32 %),100 ,"3,000,000 ",0 ,0 ,30.40 ,30.0 ,30.00 ,30.00 
240,17/12/2020,30.40 ,30.40 ,28.56 ,0.00 (0.00 %),1 ,"34,900 ",0 ,0 ,30.40 ,30.40 ,30.40 ,30.40 
241,16/12/2020,30.40 ,30.40 ,28.56 ,0.00 (0.00 %),0 ,0 ,0 ,0 ,30.40 ,30.4 ,30.40 ,30.40 
242,15/12/2020,30.40 ,30.40 ,28.56 ,0.00 (0.00 %),0 ,0 ,0 ,0 ,30.40 ,30.40 ,30.40 ,30.40 
243,14/12/2020,30.40 ,30.40 ,28.56 ,0.00 (0.00 %),20 ,"698,000 ",0 ,0 ,30.40 ,30.4 ,30.40 ,30.40 
244,11/12/2020,30.40 ,30.40 ,28.56 ,0.00 (0.00 %),0 ,0 ,0 ,0 ,30.40 ,30.40 ,30.40 ,30.40 
245,10/12/2020,30.40 ,30.40 ,28.56 ,0.00 (0.00 %),0 ,0 ,0 ,0 ,30.40 ,30.4 ,30.40 ,30.40 
246,09/12/2020,30.40 ,30.40 ,28.56 ,0.00 (0.00 %),0 ,0 ,0 ,0 ,30.40 ,30.40 ,30.40 ,30.40 
247,08/12/2020,28.56 ,30.40 ,28.56 ,-5.30 (-14.85 %),200 ,"6,080,000 ",0 ,0 ,35.70 ,30.4 ,30.40 ,30.40 
248,07/12/2020,35.70 ,35.70 ,33.54 ,0.00 (0.00 %),0 ,0 ,0 ,0 ,35.70 ,35.70 ,35.70 ,35.70 
249,04/12/2020,33.51 ,36.00 ,33.82 ,4.00 (12.50 %),300 ,"10,700,000 ",0 ,0 ,32.00 ,35.0 ,36.00 ,35.00 
250,03/12/2020,32.00 ,32.00 ,30.07 ,0.00 (0.00 %),0 ,0 ,0 ,0 ,32.00 ,32.00 ,32.00 ,32.00 
251,02/12/2020,30.07 ,32.00 ,30.07 ,0.40 (1.27 %),"1,000 ","32,000,000 ",0 ,0 ,31.60 ,32.0 ,32.00 ,32.00 
252,01/12/2020,31.60 ,31.60 ,29.69 ,0.00 (0.00 %),0 ,0 ,0 ,0 ,31.60 ,31.60 ,31.60 ,31.60 
253,30/11/2020,31.60 ,31.60 ,29.69 ,0.00 (0.00 %),0 ,0 ,0 ,0 ,31.60 ,31.6 ,31.60 ,31.60 
254,27/11/2020,29.69 ,31.60 ,29.69 ,0.00 (0.00 %),0 ,0 ,0 ,0 ,31.60 ,31.60 ,31.60 ,31.60 
255,26/11/2020,31.60 ,31.60 ,29.69 ,0.00 (0.00 %),0 ,0 ,0 ,0 ,31.60 ,31.6 ,31.60 ,31.60 
256,25/11/2020,31.60 ,31.60 ,29.69 ,0.00 (0.00 %),0 ,0 ,0 ,0 ,31.60 ,31.60 ,31.60 ,31.60 
257,24/11/2020,31.60 ,31.60 ,29.69 ,0.00 (0.00 %),0 ,0 ,0 ,0 ,31.60 ,31.6 ,31.60 ,31.60 
258,23/11/2020,31.60 ,31.60 ,29.69 ,0.00 (0.00 %),0 ,0 ,0 ,0 ,31.60 ,31.60 ,31.60 ,31.60 
259,20/11/2020,29.69 ,31.60 ,29.69 ,0.00 (0.00 %),800 ,"25,280,000 ",0 ,0 ,31.60 ,31.6 ,31.60 ,31.60 
260,19/11/2020,29.69 ,34.00 ,31.95 ,4.10 (13.71 %),"1,000 ","31,600,000 ",0 ,0 ,29.90 ,31.00 ,34.00 ,31.00 
261,18/11/2020,29.90 ,29.90 ,28.09 ,0.00 (0.00 %),0 ,0 ,0 ,0 ,29.90 ,29.9 ,29.90 ,29.90 
262,17/11/2020,29.90 ,29.90 ,28.09 ,0.00 (0.00 %),0 ,0 ,0 ,0 ,29.90 ,29.90 ,29.90 ,29.90 
263,16/11/2020,28.07 ,31.00 ,29.13 ,3.00 (10.71 %),800 ,"23,900,000 ",0 ,0 ,28.00 ,29.0 ,31.00 ,29.00 
264,13/11/2020,28.00 ,28.00 ,26.31 ,0.00 (0.00 %),0 ,0 ,0 ,0 ,28.00 ,28.00 ,28.00 ,28.00 
265,12/11/2020,26.31 ,28.00 ,26.31 ,-0.50 (-1.75 %),500 ,"14,000,000 ",0 ,0 ,28.50 ,28.0 ,28.00 ,28.00 
266,11/11/2020,26.76 ,28.50 ,26.78 ,0.50 (1.79 %),500 ,"14,240,000 ",0 ,0 ,28.00 ,28.40 ,28.50 ,28.40 
267,10/11/2020,28.00 ,28.00 ,26.31 ,0.00 (0.00 %),0 ,0 ,0 ,0 ,28.00 ,28.0 ,28.00 ,28.00 
268,09/11/2020,28.00 ,28.00 ,26.31 ,0.00 (0.00 %),0 ,0 ,0 ,0 ,28.00 ,28.00 ,28.00 ,28.00 
269,06/11/2020,26.31 ,28.00 ,26.31 ,1.00 (3.70 %),700 ,"19,600,000 ",0 ,0 ,27.00 ,28.0 ,28.00 ,28.00 
270,05/11/2020,25.37 ,27.00 ,25.37 ,2.50 (10.20 %),"1,000 ","27,000,000 ",0 ,0 ,24.50 ,27.00 ,27.00 ,27.00 
271,04/11/2020,23.02 ,24.50 ,23.02 ,-4.00 (-14.04 %),100 ,"2,450,000 ",0 ,0 ,28.50 ,24.5 ,24.50 ,24.50 
272,03/11/2020,28.50 ,28.50 ,26.78 ,0.00 (0.00 %),0 ,0 ,0 ,0 ,28.50 ,28.50 ,28.50 ,28.50 
273,02/11/2020,28.50 ,28.50 ,26.78 ,0.00 (0.00 %),0 ,0 ,0 ,0 ,28.50 ,28.5 ,28.50 ,28.50 
274,30/10/2020,26.78 ,28.50 ,26.78 ,1.00 (3.64 %),100 ,"2,850,000 ",0 ,0 ,27.50 ,28.50 ,28.50 ,28.50 
275,29/10/2020,27.50 ,27.50 ,25.84 ,0.00 (0.00 %),0 ,0 ,0 ,0 ,27.50 ,27.5 ,27.50 ,27.50 
276,28/10/2020,27.50 ,27.50 ,25.84 ,0.00 (0.00 %),0 ,0 ,0 ,0 ,27.50 ,27.50 ,27.50 ,27.50 
277,27/10/2020,25.84 ,27.50 ,25.84 ,2.10 (8.27 %),500 ,"13,750,000 ",0 ,0 ,25.40 ,27.5 ,27.50 ,27.50 
278,26/10/2020,25.40 ,25.40 ,23.86 ,0.00 (0.00 %),0 ,0 ,0 ,0 ,25.40 ,25.40 ,25.40 ,25.40 
279,23/10/2020,25.40 ,25.40 ,23.86 ,0.00 (0.00 %),0 ,0 ,0 ,0 ,25.40 ,25.4 ,25.40 ,25.40 
280,22/10/2020,25.40 ,25.40 ,23.86 ,0.00 (0.00 %),0 ,0 ,0 ,0 ,25.40 ,25.40 ,25.40 ,25.40 
281,21/10/2020,25.40 ,25.40 ,23.86 ,0.00 (0.00 %),0 ,0 ,0 ,0 ,25.40 ,25.4 ,25.40 ,25.40 
282,20/10/2020,23.85 ,25.30 ,23.77 ,-4.40 (-14.81 %),"1,000 ","25,380,000 ",0 ,0 ,29.70 ,25.50 ,25.50 ,25.30 
283,19/10/2020,29.70 ,29.70 ,27.91 ,0.00 (0.00 %),0 ,0 ,0 ,0 ,29.70 ,29.7 ,29.70 ,29.70 
284,16/10/2020,29.70 ,29.70 ,27.91 ,0.00 (0.00 %),0 ,0 ,0 ,0 ,29.70 ,29.70 ,29.70 ,29.70 
285,15/10/2020,29.70 ,29.70 ,27.91 ,0.00 (0.00 %),0 ,0 ,0 ,0 ,29.70 ,29.7 ,29.70 ,29.70 
286,14/10/2020,29.70 ,29.70 ,27.91 ,0.00 (0.00 %),0 ,0 ,0 ,0 ,29.70 ,29.70 ,29.70 ,29.70 
287,13/10/2020,29.70 ,29.70 ,27.91 ,0.00 (0.00 %),0 ,0 ,0 ,0 ,29.70 ,29.7 ,29.70 ,29.70 
288,12/10/2020,27.91 ,29.70 ,27.91 ,-5.20 (-14.90 %),400 ,"11,880,000 ",0 ,0 ,34.90 ,29.70 ,29.70 ,29.70 
289,09/10/2020,32.79 ,34.90 ,32.79 ,-6.10 (-14.88 %),100 ,"3,490,000 ",0 ,0 ,41.00 ,34.9 ,34.90 ,34.90 
290,08/10/2020,41.00 ,41.00 ,38.52 ,0.00 (0.00 %),0 ,0 ,0 ,0 ,41.00 ,41.00 ,41.00 ,41.00 
291,07/10/2020,38.52 ,41.00 ,38.52 ,2.00 (5.13 %),"1,000 ","41,000,000 ",0 ,0 ,39.00 ,41.0 ,41.00 ,41.00 
292,06/10/2020,36.66 ,35.10 ,32.98 ,-6.10 (-14.81 %),"2,400 ","93,640,000 ",0 ,0 ,41.20 ,39.00 ,42.00 ,35.10 
293,05/10/2020,41.20 ,41.20 ,38.71 ,0.00 (0.00 %),0 ,0 ,"4,000 ","140,400,000 ",41.20 ,41.2 ,41.20 ,41.20 
294,02/10/2020,41.20 ,41.20 ,38.71 ,0.00 (0.00 %),0 ,0 ,0 ,0 ,41.20 ,41.20 ,41.20 ,41.20 
295,01/10/2020,41.20 ,41.20 ,38.71 ,0.00 (0.00 %),0 ,0 ,0 ,0 ,41.20 ,41.2 ,41.20 ,41.20 
296,30/09/2020,38.71 ,41.20 ,38.71 ,5.20 (14.44 %),100 ,"4,120,000 ",0 ,0 ,36.00 ,41.20 ,41.20 ,41.20 
297,29/09/2020,36.00 ,36.00 ,33.82 ,0.00 (0.00 %),0 ,0 ,0 ,0 ,36.00 ,36.0 ,36.00 ,36.00 
298,28/09/2020,33.82 ,36.00 ,33.82 ,2.90 (8.76 %),"1,400 ","50,400,000 ",0 ,0 ,33.10 ,36.00 ,36.00 ,36.00 
299,25/09/2020,33.10 ,33.10 ,31.10 ,0.00 (0.00 %),0 ,0 ,0 ,0 ,33.10 ,33.1 ,33.10 ,33.10 
300,24/09/2020,33.10 ,33.10 ,31.10 ,0.00 (0.00 %),0 ,0 ,0 ,0 ,33.10 ,33.10 ,33.10 ,33.10 
301,23/09/2020,31.07 ,33.00 ,31.01 ,3.00 (10.00 %),"1,500 ","49,600,000 ",0 ,0 ,30.00 ,34.0 ,34.00 ,33.00 
302,22/09/2020,30.00 ,30.00 ,28.19 ,0.00 (0.00 %),0 ,0 ,0 ,0 ,30.00 ,30.00 ,30.00 ,30.00 
303,21/09/2020,30.00 ,30.00 ,28.19 ,0.00 (0.00 %),0 ,0 ,0 ,0 ,30.00 ,30.0 ,30.00 ,30.00 
304,18/09/2020,30.00 ,30.00 ,28.19 ,0.00 (0.00 %),0 ,0 ,0 ,0 ,30.00 ,30.00 ,30.00 ,30.00 
305,17/09/2020,30.00 ,30.00 ,28.19 ,0.00 (0.00 %),0 ,0 ,0 ,0 ,30.00 ,30.0 ,30.00 ,30.00 
306,16/09/2020,30.00 ,30.00 ,28.19 ,0.00 (0.00 %),0 ,0 ,0 ,0 ,30.00 ,30.00 ,30.00 ,30.00 
307,15/09/2020,30.00 ,30.00 ,28.19 ,0.00 (0.00 %),0 ,0 ,0 ,0 ,30.00 ,30.0 ,30.00 ,30.00 
308,14/09/2020,30.00 ,30.00 ,28.19 ,0.00 (0.00 %),0 ,0 ,0 ,0 ,30.00 ,30.00 ,30.00 ,30.00 
309,11/09/2020,30.00 ,30.00 ,28.19 ,0.00 (0.00 %),0 ,0 ,0 ,0 ,30.00 ,30.0 ,30.00 ,30.00 
310,10/09/2020,30.00 ,30.00 ,28.19 ,0.00 (0.00 %),0 ,0 ,0 ,0 ,30.00 ,30.00 ,30.00 ,30.00 
311,09/09/2020,30.00 ,30.00 ,28.19 ,0.00 (0.00 %),0 ,0 ,0 ,0 ,30.00 ,30.0 ,30.00 ,30.00 
312,08/09/2020,30.00 ,30.00 ,28.19 ,0.00 (0.00 %),0 ,0 ,0 ,0 ,30.00 ,30.00 ,30.00 ,30.00 
313,07/09/2020,28.19 ,30.00 ,28.19 ,3.50 (13.21 %),100 ,"3,000,000 ",0 ,0 ,26.50 ,30.0 ,30.00 ,30.00 
314,04/09/2020,26.50 ,26.50 ,24.90 ,0.00 (0.00 %),0 ,0 ,0 ,0 ,26.50 ,26.50 ,26.50 ,26.50 
315,03/09/2020,26.50 ,26.50 ,24.90 ,0.00 (0.00 %),0 ,0 ,0 ,0 ,26.50 ,26.5 ,26.50 ,26.50 
316,01/09/2020,24.90 ,26.50 ,24.90 ,-3.20 (-10.77 %),200 ,"5,300,000 ",0 ,0 ,29.70 ,26.50 ,26.50 ,26.50 
317,31/08/2020,29.70 ,29.70 ,27.91 ,0.00 (0.00 %),0 ,0 ,0 ,0 ,29.70 ,29.7 ,29.70 ,29.70 
318,28/08/2020,29.70 ,29.70 ,27.91 ,0.00 (0.00 %),0 ,0 ,0 ,0 ,29.70 ,29.70 ,29.70 ,29.70 
319,27/08/2020,29.70 ,29.70 ,27.91 ,0.00 (0.00 %),0 ,0 ,0 ,0 ,29.70 ,29.7 ,29.70 ,29.70 
320,26/08/2020,29.70 ,29.70 ,27.91 ,0.00 (0.00 %),0 ,0 ,0 ,0 ,29.70 ,29.70 ,29.70 ,29.70 
321,25/08/2020,27.87 ,31.00 ,29.13 ,4.00 (14.81 %),300 ,"8,900,000 ",0 ,0 ,27.00 ,27.0 ,31.00 ,27.00 
322,24/08/2020,27.00 ,27.00 ,25.37 ,0.00 (0.00 %),0 ,0 ,0 ,0 ,27.00 ,27.00 ,27.00 ,27.00 
323,21/08/2020,27.00 ,27.00 ,25.37 ,0.00 (0.00 %),0 ,0 ,0 ,0 ,27.00 ,27.0 ,27.00 ,27.00 
324,20/08/2020,27.00 ,27.00 ,25.37 ,0.00 (0.00 %),0 ,0 ,0 ,0 ,27.00 ,27.00 ,27.00 ,27.00 
325,19/08/2020,27.00 ,27.00 ,25.37 ,0.00 (0.00 %),0 ,0 ,0 ,0 ,27.00 ,27.0 ,27.00 ,27.00 
326,18/08/2020,25.37 ,27.00 ,25.37 ,0.00 (0.00 %),500 ,"13,500,000 ",0 ,0 ,27.00 ,27.00 ,27.00 ,27.00 
327,17/08/2020,27.00 ,27.00 ,25.37 ,0.00 (0.00 %),0 ,0 ,0 ,0 ,27.00 ,27.0 ,27.00 ,27.00 
328,14/08/2020,27.00 ,27.00 ,25.37 ,0.00 (0.00 %),0 ,0 ,0 ,0 ,27.00 ,27.00 ,27.00 ,27.00 
329,13/08/2020,27.00 ,27.00 ,25.37 ,0.00 (0.00 %),0 ,0 ,0 ,0 ,27.00 ,27.0 ,27.00 ,27.00 
330,12/08/2020,27.00 ,27.00 ,25.37 ,0.00 (0.00 %),0 ,0 ,0 ,0 ,27.00 ,27.00 ,27.00 ,27.00 
331,11/08/2020,25.37 ,27.00 ,25.37 ,1.00 (3.85 %),800 ,"21,600,000 ",0 ,0 ,26.00 ,27.0 ,27.00 ,27.00 
332,10/08/2020,24.43 ,26.00 ,24.43 ,-0.40 (-1.52 %),500 ,"13,000,000 ",0 ,0 ,26.40 ,26.00 ,26.00 ,26.00 
333,07/08/2020,26.40 ,26.40 ,24.80 ,0.00 (0.00 %),0 ,0 ,0 ,0 ,26.40 ,26.4 ,26.40 ,26.40 
334,06/08/2020,26.40 ,26.40 ,24.80 ,0.00 (0.00 %),0 ,0 ,0 ,0 ,26.40 ,26.40 ,26.40 ,26.40 
335,05/08/2020,26.40 ,26.40 ,24.80 ,0.00 (0.00 %),0 ,0 ,0 ,0 ,26.40 ,26.4 ,26.40 ,26.40 
336,04/08/2020,26.40 ,26.40 ,24.80 ,0.00 (0.00 %),0 ,0 ,0 ,0 ,26.40 ,26.40 ,26.40 ,26.40 
337,03/08/2020,26.40 ,26.40 ,24.80 ,0.00 (0.00 %),0 ,0 ,0 ,0 ,26.40 ,26.4 ,26.40 ,26.40 
338,31/07/2020,24.80 ,26.40 ,24.80 ,1.80 (7.32 %),"1,100 ","29,040,000 ",0 ,0 ,24.60 ,26.40 ,26.40 ,26.40 
339,30/07/2020,23.11 ,24.60 ,23.11 ,0.00 (0.00 %),"1,000 ","24,600,000 ",0 ,0 ,24.60 ,24.6 ,24.60 ,24.60 
340,29/07/2020,24.60 ,24.60 ,23.11 ,0.00 (0.00 %),0 ,0 ,0 ,0 ,24.60 ,24.60 ,24.60 ,24.60 
341,28/07/2020,24.60 ,24.60 ,23.11 ,0.00 (0.00 %),0 ,0 ,0 ,0 ,24.60 ,24.6 ,24.60 ,24.60 
342,27/07/2020,24.60 ,24.60 ,23.11 ,0.00 (0.00 %),0 ,0 ,0 ,0 ,24.60 ,24.60 ,24.60 ,24.60 
343,24/07/2020,23.11 ,24.60 ,23.11 ,-1.40 (-5.38 %),"1,000 ","24,600,000 ",0 ,0 ,26.00 ,24.6 ,24.60 ,24.60 
344,23/07/2020,26.00 ,26.00 ,24.43 ,0.00 (0.00 %),0 ,0 ,0 ,0 ,26.00 ,26.00 ,26.00 ,26.00 
345,22/07/2020,26.00 ,26.00 ,24.43 ,0.00 (0.00 %),0 ,0 ,0 ,0 ,26.00 ,26.0 ,26.00 ,26.00 
346,21/07/2020,24.43 ,26.00 ,24.43 ,-1.00 (-3.70 %),500 ,"13,000,000 ",0 ,0 ,27.00 ,26.00 ,26.00 ,26.00 
347,20/07/2020,25.37 ,27.00 ,25.37 ,0.90 (3.45 %),"1,500 ","40,500,000 ",0 ,0 ,26.10 ,27.0 ,27.00 ,27.00 
348,17/07/2020,26.10 ,26.10 ,24.52 ,0.00 (0.00 %),0 ,0 ,0 ,0 ,26.10 ,26.10 ,26.10 ,26.10 
349,16/07/2020,26.10 ,26.10 ,24.52 ,0.00 (0.00 %),0 ,0 ,0 ,0 ,26.10 ,26.1 ,26.10 ,26.10 
350,15/07/2020,26.10 ,26.10 ,24.52 ,0.00 (0.00 %),0 ,0 ,0 ,0 ,26.10 ,26.10 ,26.10 ,26.10 
351,14/07/2020,26.10 ,26.10 ,24.52 ,0.00 (0.00 %),0 ,0 ,0 ,0 ,26.10 ,26.1 ,26.10 ,26.10 
352,13/07/2020,26.10 ,26.10 ,24.52 ,0.00 (0.00 %),0 ,0 ,0 ,0 ,26.10 ,26.10 ,26.10 ,26.10 
353,10/07/2020,26.10 ,26.10 ,24.52 ,0.00 (0.00 %),0 ,0 ,0 ,0 ,26.10 ,26.1 ,26.10 ,26.10 
354,09/07/2020,26.10 ,26.10 ,24.52 ,0.00 (0.00 %),0 ,0 ,0 ,0 ,26.10 ,26.10 ,26.10 ,26.10 
355,08/07/2020,26.10 ,26.10 ,24.52 ,0.00 (0.00 %),0 ,0 ,0 ,0 ,26.10 ,26.1 ,26.10 ,26.10 
356,07/07/2020,26.10 ,26.10 ,24.52 ,0.00 (0.00 %),0 ,0 ,0 ,0 ,26.10 ,26.10 ,26.10 ,26.10 
357,06/07/2020,24.51 ,26.00 ,24.43 ,-0.30 (-1.14 %),"3,000 ","78,250,000 ",0 ,0 ,26.30 ,26.1 ,26.10 ,26.00 
358,03/07/2020,26.30 ,26.30 ,24.71 ,0.00 (0.00 %),0 ,0 ,0 ,0 ,26.30 ,26.30 ,26.30 ,26.30 
359,02/07/2020,26.30 ,26.30 ,24.71 ,0.00 (0.00 %),0 ,0 ,0 ,0 ,26.30 ,26.3 ,26.30 ,26.30 
360,01/07/2020,26.30 ,26.30 ,24.71 ,0.00 (0.00 %),0 ,0 ,0 ,0 ,26.30 ,26.30 ,26.30 ,26.30 
361,30/06/2020,26.30 ,26.30 ,24.71 ,0.00 (0.00 %),0 ,0 ,0 ,0 ,26.30 ,26.3 ,26.30 ,26.30 
362,29/06/2020,26.30 ,26.30 ,24.71 ,0.00 (0.00 %),0 ,0 ,0 ,0 ,26.30 ,26.30 ,26.30 ,26.30 
363,26/06/2020,24.71 ,26.30 ,24.71 ,0.00 (0.00 %),0 ,0 ,0 ,0 ,26.30 ,26.3 ,26.30 ,26.30 
364,25/06/2020,24.71 ,26.30 ,24.71 ,0.00 (0.00 %),300 ,"7,890,000 ",0 ,0 ,26.30 ,26.30 ,26.30 ,26.30 
365,24/06/2020,26.30 ,26.30 ,24.71 ,0.00 (0.00 %),0 ,0 ,0 ,0 ,26.30 ,26.3 ,26.30 ,26.30 
366,23/06/2020,26.30 ,26.30 ,24.71 ,0.00 (0.00 %),0 ,0 ,0 ,0 ,26.30 ,26.30 ,26.30 ,26.30 
367,22/06/2020,26.30 ,26.30 ,24.71 ,0.00 (0.00 %),0 ,0 ,0 ,0 ,26.30 ,26.3 ,26.30 ,26.30 
368,19/06/2020,26.30 ,26.30 ,24.71 ,0.00 (0.00 %),0 ,0 ,0 ,0 ,26.30 ,26.30 ,26.30 ,26.30 
369,18/06/2020,26.30 ,26.30 ,24.71 ,0.00 (0.00 %),0 ,0 ,0 ,0 ,26.30 ,26.3 ,26.30 ,26.30 
370,17/06/2020,26.30 ,26.30 ,24.71 ,0.00 (0.00 %),0 ,0 ,0 ,0 ,26.30 ,26.30 ,26.30 ,26.30 
371,16/06/2020,24.71 ,26.30 ,24.71 ,0.00 (0.00 %),100 ,"2,630,000 ",0 ,0 ,26.30 ,26.3 ,26.30 ,26.30 
372,15/06/2020,26.30 ,26.30 ,24.71 ,0.00 (0.00 %),0 ,0 ,0 ,0 ,26.30 ,26.30 ,26.30 ,26.30 
373,12/06/2020,26.30 ,26.30 ,24.71 ,0.00 (0.00 %),0 ,0 ,0 ,0 ,26.30 ,26.3 ,26.30 ,26.30 
374,11/06/2020,26.30 ,26.30 ,24.71 ,0.00 (0.00 %),0 ,0 ,0 ,0 ,26.30 ,26.30 ,26.30 ,26.30 
375,10/06/2020,26.30 ,26.30 ,24.71 ,0.00 (0.00 %),0 ,0 ,0 ,0 ,26.30 ,26.3 ,26.30 ,26.30 
376,09/06/2020,26.30 ,26.30 ,24.71 ,0.00 (0.00 %),0 ,0 ,0 ,0 ,26.30 ,26.30 ,26.30 ,26.30 
377,08/06/2020,26.30 ,26.30 ,24.71 ,0.00 (0.00 %),0 ,0 ,0 ,0 ,26.30 ,26.3 ,26.30 ,26.30 
378,05/06/2020,24.71 ,26.30 ,24.71 ,0.00 (0.00 %),"2,200 ","57,860,000 ",0 ,0 ,26.30 ,26.30 ,26.30 ,26.30 
379,04/06/2020,24.71 ,26.30 ,24.71 ,1.60 (6.48 %),"1,500 ","39,450,000 ",0 ,0 ,24.70 ,26.3 ,26.30 ,26.30 
380,03/06/2020,24.70 ,24.70 ,23.21 ,0.00 (0.00 %),0 ,0 ,0 ,0 ,24.70 ,24.70 ,24.70 ,24.70 
381,02/06/2020,24.70 ,24.70 ,23.21 ,0.00 (0.00 %),0 ,0 ,"2,200 ","46,200,000 ",24.70 ,24.7 ,24.70 ,24.70 
382,01/06/2020,23.25 ,24.70 ,23.21 ,-2.10 (-7.84 %),"1,200 ","29,690,000 ",0 ,0 ,26.80 ,25.00 ,25.00 ,24.50 
383,29/05/2020,27.50 ,27.50 ,25.18 ,0.00 (0.00 %),0 ,0 ,0 ,0 ,27.50 ,27.5 ,27.50 ,27.50 
384,28/05/2020,27.50 ,27.50 ,25.18 ,0.00 (0.00 %),0 ,0 ,0 ,0 ,27.50 ,27.50 ,27.50 ,27.50 
385,27/05/2020,27.50 ,27.50 ,25.18 ,0.00 (0.00 %),0 ,0 ,0 ,0 ,27.50 ,27.5 ,27.50 ,27.50 
386,26/05/2020,27.50 ,27.50 ,25.18 ,0.00 (0.00 %),0 ,0 ,0 ,0 ,27.50 ,27.50 ,27.50 ,27.50 
387,25/05/2020,25.18 ,27.50 ,25.18 ,1.50 (5.77 %),800 ,"22,000,000 ",0 ,0 ,26.00 ,27.5 ,27.50 ,27.50 
388,22/05/2020,23.81 ,26.00 ,23.81 ,0.00 (0.00 %),500 ,"13,000,000 ",0 ,0 ,26.00 ,26.00 ,26.00 ,26.00 
389,21/05/2020,23.78 ,26.00 ,23.81 ,1.30 (5.26 %),"3,200 ","83,100,000 ",0 ,0 ,24.70 ,25.9 ,26.00 ,25.90 
390,20/05/2020,24.70 ,24.70 ,22.62 ,0.00 (0.00 %),0 ,0 ,0 ,0 ,24.70 ,24.70 ,24.70 ,24.70 
391,19/05/2020,24.70 ,24.70 ,22.62 ,0.00 (0.00 %),0 ,0 ,0 ,0 ,24.70 ,24.7 ,24.70 ,24.70 
392,18/05/2020,22.58 ,24.60 ,22.52 ,-2.90 (-10.55 %),"2,300 ","56,710,000 ",0 ,0 ,27.50 ,25.00 ,25.00 ,24.50 
393,15/05/2020,27.50 ,27.50 ,25.18 ,0.00 (0.00 %),0 ,0 ,0 ,0 ,27.50 ,27.5 ,27.50 ,27.50 
394,14/05/2020,27.50 ,27.50 ,25.18 ,0.00 (0.00 %),0 ,0 ,0 ,0 ,27.50 ,27.50 ,27.50 ,27.50 
395,13/05/2020,27.50 ,27.50 ,25.18 ,0.00 (0.00 %),0 ,0 ,0 ,0 ,27.50 ,27.5 ,27.50 ,27.50 
396,12/05/2020,27.50 ,27.50 ,25.18 ,0.00 (0.00 %),0 ,0 ,0 ,0 ,27.50 ,27.50 ,27.50 ,27.50 
397,11/05/2020,25.22 ,28.00 ,25.64 ,3.50 (14.29 %),700 ,"19,280,000 ",0 ,0 ,24.50 ,26.4 ,28.00 ,26.40 
398,08/05/2020,24.50 ,24.50 ,22.43 ,0.00 (0.00 %),0 ,0 ,0 ,0 ,24.50 ,24.50 ,24.50 ,24.50 
399,07/05/2020,22.43 ,24.50 ,22.43 ,-1.80 (-6.84 %),400 ,"9,800,000 ",0 ,0 ,26.30 ,24.5 ,24.50 ,24.50 
400,06/05/2020,24.08 ,26.30 ,24.08 ,-0.10 (-0.38 %),200 ,"5,260,000 ",0 ,0 ,26.40 ,26.30 ,26.30 ,26.30 
401,05/05/2020,24.17 ,26.40 ,24.17 ,-0.10 (-0.38 %),200 ,"5,280,000 ",0 ,0 ,26.50 ,26.4 ,26.40 ,26.40 
402,04/05/2020,24.25 ,26.50 ,24.26 ,2.30 (9.50 %),"2,700 ","71,500,000 ",0 ,0 ,24.20 ,26.40 ,26.50 ,26.40 
403,29/04/2020,22.19 ,25.30 ,23.16 ,0.00 (0.00 %),"2,900 ","70,290,000 ",0 ,0 ,25.30 ,24.1 ,25.30 ,24.00 
404,28/04/2020,23.15 ,29.00 ,26.55 ,1.60 (5.84 %),"3,200 ","80,900,000 ",0 ,0 ,27.40 ,24.00 ,29.00 ,24.00 
405,27/04/2020,27.40 ,27.40 ,25.09 ,0.00 (0.00 %),0 ,0 ,0 ,0 ,27.40 ,27.4 ,27.40 ,27.40 
406,24/04/2020,25.12 ,24.00 ,21.97 ,-2.80 (-10.45 %),"4,200 ","115,240,000 ",0 ,0 ,26.80 ,27.50 ,30.80 ,24.00 
407,23/04/2020,24.54 ,26.80 ,24.54 ,0.40 (1.52 %),"1,900 ","50,920,000 ",0 ,0 ,26.40 ,26.8 ,26.80 ,26.80 
408,22/04/2020,24.14 ,26.00 ,23.81 ,-0.30 (-1.14 %),"1,000 ","26,360,000 ",0 ,0 ,26.30 ,26.30 ,26.90 ,26.00 
409,21/04/2020,24.10 ,26.80 ,24.54 ,2.90 (12.13 %),"4,400 ","115,790,000 ",0 ,0 ,23.90 ,25.0 ,26.80 ,25.00 
410,20/04/2020,23.90 ,23.90 ,21.88 ,0.00 (0.00 %),0 ,0 ,0 ,0 ,23.90 ,23.90 ,23.90 ,23.90 
411,17/04/2020,21.90 ,22.60 ,20.69 ,-1.60 (-6.61 %),700 ,"16,740,000 ",0 ,0 ,24.20 ,27.2 ,27.20 ,22.60 
412,16/04/2020,22.16 ,24.10 ,22.07 ,2.80 (13.15 %),300 ,"7,260,000 ",0 ,0 ,21.30 ,24.40 ,24.40 ,24.10 
413,15/04/2020,19.51 ,24.90 ,22.80 ,3.20 (14.75 %),"5,400 ","115,060,000 ","7,700 ","142,450,000 ",21.70 ,21.0 ,24.90 ,18.50 
414,14/04/2020,19.91 ,21.50 ,19.69 ,-2.50 (-10.42 %),"2,700 ","58,700,000 ",0 ,0 ,24.00 ,22.30 ,22.30 ,21.50 
415,13/04/2020,21.97 ,24.00 ,21.97 ,-3.40 (-12.41 %),"1,000 ","24,000,000 ",0 ,0 ,27.40 ,24.0 ,24.00 ,24.00 
416,10/04/2020,27.40 ,27.40 ,25.09 ,0.00 (0.00 %),0 ,0 ,0 ,0 ,27.40 ,27.40 ,27.40 ,27.40 
417,09/04/2020,25.11 ,28.60 ,26.19 ,2.10 (7.92 %),"5,000 ","137,120,000 ",0 ,0 ,26.50 ,26.5 ,28.60 ,26.50 
418,08/04/2020,24.26 ,26.50 ,24.26 ,0.00 (0.00 %),"1,200 ","31,800,000 ",0 ,0 ,26.50 ,26.50 ,26.50 ,26.50 
419,07/04/2020,24.26 ,26.50 ,24.26 ,0.00 (0.00 %),"1,700 ","45,050,000 ",0 ,0 ,26.50 ,26.5 ,26.50 ,26.50 
420,06/04/2020,26.50 ,26.50 ,24.26 ,0.00 (0.00 %),0 ,0 ,0 ,0 ,26.50 ,26.50 ,26.50 ,26.50 
421,03/04/2020,24.26 ,26.50 ,24.26 ,1.00 (3.92 %),800 ,"21,200,000 ",0 ,0 ,25.50 ,26.5 ,26.50 ,26.50 
422,01/04/2020,23.35 ,25.50 ,23.35 ,0.50 (2.00 %),900 ,"22,950,000 ",0 ,0 ,25.00 ,25.50 ,25.50 ,25.50 
423,31/03/2020,25.00 ,25.00 ,22.89 ,0.00 (0.00 %),0 ,0 ,0 ,0 ,25.00 ,25.0 ,25.00 ,25.00 
424,30/03/2020,25.00 ,25.00 ,22.89 ,0.00 (0.00 %),0 ,0 ,0 ,0 ,25.00 ,25.00 ,25.00 ,25.00 
425,27/03/2020,22.89 ,25.00 ,22.89 ,2.50 (11.11 %),700 ,"17,500,000 ",0 ,0 ,22.50 ,25.0 ,25.00 ,25.00 
426,26/03/2020,20.60 ,22.50 ,20.60 ,-2.40 (-9.64 %),"2,900 ","65,250,000 ",0 ,0 ,24.90 ,22.50 ,22.50 ,22.50 
427,25/03/2020,22.79 ,22.70 ,20.78 ,0.00 (0.00 %),"4,800 ","119,480,000 ",0 ,0 ,22.70 ,25.0 ,25.50 ,22.70 
428,24/03/2020,20.77 ,22.20 ,20.33 ,-3.70 (-14.29 %),"1,500 ","34,030,000 ",0 ,0 ,25.90 ,29.50 ,29.50 ,22.20 
429,23/03/2020,25.90 ,25.90 ,23.71 ,0.00 (0.00 %),0 ,0 ,0 ,0 ,25.90 ,25.9 ,25.90 ,25.90 
430,20/03/2020,23.71 ,25.90 ,23.71 ,-4.50 (-14.80 %),100 ,"2,590,000 ",0 ,0 ,30.40 ,25.90 ,25.90 ,25.90 
431,19/03/2020,27.83 ,30.40 ,27.83 ,-5.30 (-14.85 %),100 ,"3,040,000 ",0 ,0 ,35.70 ,30.4 ,30.40 ,30.40 
432,18/03/2020,32.69 ,35.70 ,32.69 ,-6.30 (-15.00 %),100 ,"3,570,000 ",0 ,0 ,42.00 ,35.70 ,35.70 ,35.70 
433,17/03/2020,42.00 ,42.00 ,38.46 ,0.00 (0.00 %),2 ,"71,600 ",0 ,0 ,42.00 ,42.0 ,42.00 ,42.00 
434,16/03/2020,42.00 ,42.00 ,38.46 ,0.00 (0.00 %),0 ,0 ,0 ,0 ,42.00 ,42.00 ,42.00 ,42.00 
435,13/03/2020,42.00 ,42.00 ,38.46 ,0.00 (0.00 %),0 ,0 ,0 ,0 ,42.00 ,42.0 ,42.00 ,42.00 
436,12/03/2020,38.46 ,42.00 ,38.46 ,0.00 (0.00 %),0 ,0 ,0 ,0 ,42.00 ,42.00 ,42.00 ,42.00 
437,10/03/2020,38.46 ,42.00 ,38.46 ,4.70 (12.60 %),200 ,"8,400,000 ",0 ,0 ,37.30 ,42.0 ,42.00 ,42.00 
438,09/03/2020,37.30 ,37.30 ,34.15 ,0.00 (0.00 %),0 ,0 ,0 ,0 ,37.30 ,37.30 ,37.30 ,37.30 
439,06/03/2020,37.30 ,37.30 ,34.15 ,0.00 (0.00 %),0 ,0 ,0 ,0 ,37.30 ,37.3 ,37.30 ,37.30 
440,05/03/2020,37.30 ,37.30 ,34.15 ,0.00 (0.00 %),0 ,0 ,0 ,0 ,37.30 ,37.30 ,37.30 ,37.30 
441,04/03/2020,37.30 ,37.30 ,34.15 ,0.00 (0.00 %),0 ,0 ,0 ,0 ,37.30 ,37.3 ,37.30 ,37.30 
442,03/03/2020,37.30 ,37.30 ,34.15 ,0.00 (0.00 %),0 ,0 ,0 ,0 ,37.30 ,37.30 ,37.30 ,37.30 
443,02/03/2020,37.30 ,37.30 ,34.15 ,0.00 (0.00 %),0 ,0 ,0 ,0 ,37.30 ,37.3 ,37.30 ,37.30 
444,28/02/2020,34.15 ,37.30 ,34.15 ,-0.40 (-1.06 %),100 ,"3,730,000 ",0 ,0 ,37.70 ,37.30 ,37.30 ,37.30 
445,27/02/2020,34.52 ,37.70 ,34.52 ,-6.60 (-14.90 %),800 ,"30,160,000 ",0 ,0 ,44.30 ,37.7 ,37.70 ,37.70 
446,26/02/2020,44.30 ,44.30 ,40.56 ,0.00 (0.00 %),0 ,0 ,0 ,0 ,44.30 ,44.30 ,44.30 ,44.30 
447,25/02/2020,40.56 ,44.30 ,40.56 ,-7.80 (-14.97 %),500 ,"22,150,000 ",0 ,0 ,52.10 ,44.3 ,44.30 ,44.30 
448,24/02/2020,52.10 ,52.10 ,47.70 ,0.00 (0.00 %),0 ,0 ,0 ,0 ,52.10 ,52.10 ,52.10 ,52.10 
449,21/02/2020,47.67 ,45.20 ,41.39 ,-7.90 (-14.88 %),300 ,"15,620,000 ",0 ,0 ,53.10 ,50.0 ,61.00 ,45.20 
450,20/02/2020,53.10 ,53.10 ,48.62 ,0.00 (0.00 %),0 ,0 ,0 ,0 ,53.10 ,53.10 ,53.10 ,53.10 
451,19/02/2020,53.10 ,53.10 ,48.62 ,0.00 (0.00 %),0 ,0 ,0 ,0 ,53.10 ,53.1 ,53.10 ,53.10 
452,18/02/2020,53.10 ,53.10 ,48.62 ,0.00 (0.00 %),0 ,0 ,0 ,0 ,53.10 ,53.10 ,53.10 ,53.10 
453,17/02/2020,53.10 ,53.10 ,48.62 ,0.00 (0.00 %),0 ,0 ,0 ,0 ,53.10 ,53.1 ,53.10 ,53.10 
454,14/02/2020,53.10 ,53.10 ,48.62 ,0.00 (0.00 %),0 ,0 ,0 ,0 ,53.10 ,53.10 ,53.10 ,53.10 
455,13/02/2020,53.10 ,53.10 ,48.62 ,0.00 (0.00 %),0 ,0 ,0 ,0 ,53.10 ,53.1 ,53.10 ,53.10 
456,12/02/2020,53.10 ,53.10 ,48.62 ,0.00 (0.00 %),0 ,0 ,0 ,0 ,53.10 ,53.10 ,53.10 ,53.10 
457,11/02/2020,48.62 ,53.10 ,48.62 ,6.90 (14.94 %),100 ,"5,310,000 ",0 ,0 ,46.20 ,53.1 ,53.10 ,53.10 
458,10/02/2020,46.20 ,46.20 ,42.30 ,0.00 (0.00 %),0 ,0 ,0 ,0 ,46.20 ,46.20 ,46.20 ,46.20 
459,07/02/2020,42.30 ,46.20 ,42.30 ,6.00 (14.93 %),100 ,"4,620,000 ",0 ,0 ,40.20 ,46.2 ,46.20 ,46.20 
460,06/02/2020,40.20 ,40.20 ,36.81 ,0.00 (0.00 %),0 ,0 ,0 ,0 ,40.20 ,40.20 ,40.20 ,40.20 
461,05/02/2020,40.20 ,40.20 ,36.81 ,0.00 (0.00 %),0 ,0 ,0 ,0 ,40.20 ,40.2 ,40.20 ,40.20 
462,04/02/2020,40.20 ,40.20 ,36.81 ,0.00 (0.00 %),0 ,0 ,0 ,0 ,40.20 ,40.20 ,40.20 ,40.20 
463,03/02/2020,36.81 ,40.20 ,36.81 ,5.20 (14.86 %),200 ,"8,040,000 ",0 ,0 ,35.00 ,40.2 ,40.20 ,40.20 
464,31/01/2020,35.00 ,35.00 ,32.05 ,0.00 (0.00 %),0 ,0 ,0 ,0 ,35.00 ,35.00 ,35.00 ,35.00 
465,30/01/2020,35.00 ,35.00 ,32.05 ,0.00 (0.00 %),0 ,0 ,0 ,0 ,35.00 ,35.0 ,35.00 ,35.00 
466,22/01/2020,35.00 ,35.00 ,32.05 ,0.00 (0.00 %),1 ,"35,000 ",0 ,0 ,35.00 ,35.00 ,35.00 ,35.00 
467,21/01/2020,32.05 ,35.00 ,32.05 ,0.00 (0.00 %),0 ,0 ,0 ,0 ,35.00 ,35.0 ,35.00 ,35.00 
468,20/01/2020,32.05 ,35.00 ,32.05 ,3.40 (10.76 %),100 ,"3,500,000 ",0 ,0 ,31.60 ,35.00 ,35.00 ,35.00 
469,17/01/2020,28.93 ,31.60 ,28.93 ,0.00 (0.00 %),0 ,0 ,0 ,0 ,31.60 ,31.6 ,31.60 ,31.60 
470,16/01/2020,28.93 ,31.60 ,28.93 ,0.00 (0.00 %),0 ,0 ,0 ,0 ,31.60 ,31.60 ,31.60 ,31.60 
471,15/01/2020,31.60 ,31.60 ,28.93 ,0.00 (0.00 %),0 ,0 ,0 ,0 ,31.60 ,31.6 ,31.60 ,31.60 
472,14/01/2020,28.93 ,31.60 ,28.93 ,4.10 (14.91 %),100 ,"3,160,000 ",0 ,0 ,27.50 ,31.60 ,31.60 ,31.60 
473,13/01/2020,25.18 ,27.50 ,25.18 ,3.00 (12.24 %),100 ,"2,750,000 ",0 ,0 ,24.50 ,27.5 ,27.50 ,27.50 
474,10/01/2020,22.43 ,24.50 ,22.43 ,0.00 (0.00 %),100 ,"2,450,000 ",0 ,0 ,24.50 ,24.50 ,24.50 ,24.50 
475,09/01/2020,24.50 ,24.50 ,22.43 ,0.00 (0.00 %),0 ,0 ,0 ,0 ,24.50 ,24.5 ,24.50 ,24.50 
476,08/01/2020,24.50 ,24.50 ,22.43 ,0.00 (0.00 %),0 ,0 ,0 ,0 ,24.50 ,24.50 ,24.50 ,24.50 
477,07/01/2020,24.50 ,24.50 ,22.43 ,0.00 (0.00 %),0 ,0 ,0 ,0 ,24.50 ,24.5 ,24.50 ,24.50 
478,06/01/2020,24.50 ,24.50 ,22.43 ,0.00 (0.00 %),0 ,0 ,0 ,0 ,24.50 ,24.50 ,24.50 ,24.50 
479,03/01/2020,22.43 ,24.50 ,22.43 ,-3.50 (-12.50 %),500 ,"12,250,000 ",0 ,0 ,28.00 ,24.5 ,24.50 ,24.50 
480,02/01/2020,25.64 ,28.00 ,25.64 ,0.00 (0.00 %),300 ,"8,400,000 ",0 ,0 ,28.00 ,28.00 ,28.00 ,28.00 
481,31/12/2019,28.00 ,28.00 ,25.64 ,0.00 (0.00 %),0 ,0 ,0 ,0 ,28.00 ,28.0 ,28.00 ,28.00 
482,30/12/2019,28.00 ,28.00 ,25.64 ,0.00 (0.00 %),0 ,0 ,0 ,0 ,28.00 ,28.00 ,28.00 ,28.00 
483,27/12/2019,28.00 ,28.00 ,25.64 ,0.00 (0.00 %),0 ,0 ,0 ,0 ,28.00 ,28.0 ,28.00 ,28.00 
484,26/12/2019,28.00 ,28.00 ,25.64 ,0.00 (0.00 %),0 ,0 ,0 ,0 ,28.00 ,28.00 ,28.00 ,28.00 
485,25/12/2019,28.00 ,28.00 ,25.64 ,0.00 (0.00 %),0 ,0 ,0 ,0 ,28.00 ,28.0 ,28.00 ,28.00 
486,24/12/2019,25.64 ,28.00 ,25.64 ,0.50 (1.82 %),400 ,"11,200,000 ",0 ,0 ,27.50 ,28.00 ,28.00 ,28.00 
487,23/12/2019,25.18 ,29.00 ,25.18 ,0.00 (0.00 %),200 ,"5,800,000 ",0 ,0 ,29.00 ,29.0 ,29.00 ,29.00 
488,20/12/2019,25.18 ,29.00 ,25.18 ,-1.00 (-3.33 %),500 ,"14,500,000 ",0 ,0 ,30.00 ,29.00 ,29.00 ,29.00 
489,19/12/2019,30.00 ,30.00 ,26.05 ,0.00 (0.00 %),0 ,0 ,0 ,0 ,30.00 ,30.0 ,30.00 ,30.00 
490,18/12/2019,30.00 ,30.00 ,26.05 ,0.00 (0.00 %),0 ,0 ,0 ,0 ,30.00 ,30.00 ,30.00 ,30.00 
491,17/12/2019,26.05 ,30.00 ,26.05 ,2.00 (7.14 %),100 ,"3,000,000 ",0 ,0 ,28.00 ,30.0 ,30.00 ,30.00 
492,16/12/2019,28.00 ,28.00 ,24.31 ,0.00 (0.00 %),0 ,0 ,0 ,0 ,28.00 ,28.00 ,28.00 ,28.00 
493,13/12/2019,28.00 ,28.00 ,24.31 ,0.00 (0.00 %),0 ,0 ,0 ,0 ,28.00 ,28.0 ,28.00 ,28.00 
494,12/12/2019,28.00 ,28.00 ,24.31 ,0.00 (0.00 %),0 ,0 ,0 ,0 ,28.00 ,28.00 ,28.00 ,28.00 
495,11/12/2019,28.00 ,28.00 ,24.31 ,0.00 (0.00 %),0 ,0 ,0 ,0 ,28.00 ,28.0 ,28.00 ,28.00 
496,10/12/2019,28.00 ,28.00 ,24.31 ,0.00 (0.00 %),0 ,0 ,0 ,0 ,28.00 ,28.00 ,28.00 ,28.00 
497,09/12/2019,28.00 ,28.00 ,24.31 ,0.00 (0.00 %),0 ,0 ,0 ,0 ,28.00 ,28.0 ,28.00 ,28.00 
498,06/12/2019,28.00 ,28.00 ,24.31 ,0.00 (0.00 %),0 ,0 ,0 ,0 ,28.00 ,28.00 ,28.00 ,28.00 
499,05/12/2019,28.00 ,28.00 ,24.31 ,0.00 (0.00 %),0 ,0 ,0 ,0 ,28.00 ,28.0 ,28.00 ,28.00 
500,04/12/2019,28.00 ,28.00 ,24.31 ,0.00 (0.00 %),0 ,0 ,0 ,0 ,28.00 ,28.00 ,28.00 ,28.00 
501,03/12/2019,28.00 ,28.00 ,24.31 ,0.00 (0.00 %),0 ,0 ,0 ,0 ,28.00 ,28.0 ,28.00 ,28.00 
502,02/12/2019,28.00 ,28.00 ,24.31 ,0.00 (0.00 %),0 ,0 ,0 ,0 ,28.00 ,28.00 ,28.00 ,28.00 
503,29/11/2019,28.00 ,28.00 ,24.31 ,0.00 (0.00 %),0 ,0 ,0 ,0 ,28.00 ,28.0 ,28.00 ,28.00 
504,28/11/2019,28.00 ,28.00 ,24.31 ,0.00 (0.00 %),0 ,0 ,0 ,0 ,28.00 ,28.00 ,28.00 ,28.00 
505,27/11/2019,28.00 ,28.00 ,24.31 ,0.00 (0.00 %),0 ,0 ,0 ,0 ,28.00 ,28.0 ,28.00 ,28.00 
506,26/11/2019,24.31 ,28.00 ,24.31 ,1.00 (3.70 %),100 ,"2,800,000 ",0 ,0 ,27.00 ,28.00 ,28.00 ,28.00 
507,25/11/2019,27.00 ,27.00 ,23.44 ,0.00 (0.00 %),0 ,0 ,0 ,0 ,27.00 ,27.0 ,27.00 ,27.00 
508,22/11/2019,27.00 ,27.00 ,23.44 ,0.00 (0.00 %),0 ,0 ,0 ,0 ,27.00 ,27.00 ,27.00 ,27.00 
509,21/11/2019,27.00 ,27.00 ,23.44 ,0.00 (0.00 %),0 ,0 ,0 ,0 ,27.00 ,27.0 ,27.00 ,27.00 
510,20/11/2019,27.00 ,27.00 ,23.44 ,0.00 (0.00 %),0 ,0 ,0 ,0 ,27.00 ,27.00 ,27.00 ,27.00 
511,19/11/2019,27.00 ,27.00 ,23.44 ,0.00 (0.00 %),0 ,0 ,0 ,0 ,27.00 ,27.0 ,27.00 ,27.00 
512,18/11/2019,27.00 ,27.00 ,23.44 ,0.00 (0.00 %),0 ,0 ,0 ,0 ,27.00 ,27.00 ,27.00 ,27.00 
513,15/11/2019,27.00 ,27.00 ,23.44 ,0.00 (0.00 %),0 ,0 ,0 ,0 ,27.00 ,27.0 ,27.00 ,27.00 
514,14/11/2019,27.00 ,27.00 ,23.44 ,0.00 (0.00 %),0 ,0 ,0 ,0 ,27.00 ,27.00 ,27.00 ,27.00 
515,13/11/2019,27.00 ,27.00 ,23.44 ,0.00 (0.00 %),0 ,0 ,0 ,0 ,27.00 ,27.0 ,27.00 ,27.00 
516,12/11/2019,27.00 ,27.00 ,23.44 ,0.00 (0.00 %),0 ,0 ,0 ,0 ,27.00 ,27.00 ,27.00 ,27.00 
517,11/11/2019,27.00 ,27.00 ,23.44 ,0.00 (0.00 %),0 ,0 ,0 ,0 ,27.00 ,27.0 ,27.00 ,27.00 
518,08/11/2019,27.00 ,27.00 ,23.44 ,0.00 (0.00 %),0 ,0 ,0 ,0 ,27.00 ,27.00 ,27.00 ,27.00 
519,07/11/2019,27.00 ,27.00 ,23.44 ,0.00 (0.00 %),0 ,0 ,0 ,0 ,27.00 ,27.0 ,27.00 ,27.00 
520,06/11/2019,27.00 ,27.00 ,23.44 ,0.00 (0.00 %),0 ,0 ,0 ,0 ,27.00 ,27.00 ,27.00 ,27.00 
521,05/11/2019,27.00 ,27.00 ,23.44 ,0.00 (0.00 %),0 ,0 ,0 ,0 ,27.00 ,27.0 ,27.00 ,27.00 
522,04/11/2019,27.00 ,27.00 ,23.44 ,0.00 (0.00 %),0 ,0 ,0 ,0 ,27.00 ,27.00 ,27.00 ,27.00 
523,01/11/2019,27.00 ,27.00 ,23.44 ,0.00 (0.00 %),0 ,0 ,0 ,0 ,27.00 ,27.0 ,27.00 ,27.00 
524,31/10/2019,27.00 ,27.00 ,23.44 ,0.00 (0.00 %),0 ,0 ,0 ,0 ,27.00 ,27.00 ,27.00 ,27.00 
525,30/10/2019,23.44 ,27.00 ,23.44 ,0.00 (0.00 %),"1,000 ","27,000,000 ",0 ,0 ,27.00 ,27.0 ,27.00 ,27.00 
526,29/10/2019,27.00 ,27.00 ,23.44 ,0.00 (0.00 %),0 ,0 ,0 ,0 ,27.00 ,27.00 ,27.00 ,27.00 
527,28/10/2019,27.00 ,27.00 ,23.44 ,0.00 (0.00 %),0 ,0 ,0 ,0 ,27.00 ,27.0 ,27.00 ,27.00 
528,25/10/2019,27.00 ,27.00 ,23.44 ,0.00 (0.00 %),0 ,0 ,0 ,0 ,27.00 ,27.00 ,27.00 ,27.00 
529,24/10/2019,27.00 ,27.00 ,23.44 ,0.00 (0.00 %),0 ,0 ,0 ,0 ,27.00 ,27.0 ,27.00 ,27.00 
530,23/10/2019,23.44 ,27.00 ,23.44 ,0.00 (0.00 %),400 ,"10,800,000 ",0 ,0 ,27.00 ,27.00 ,27.00 ,27.00 
531,22/10/2019,23.44 ,27.00 ,23.44 ,0.50 (1.89 %),500 ,"13,500,000 ",0 ,0 ,26.50 ,27.0 ,27.00 ,27.00 
532,21/10/2019,26.50 ,26.50 ,23.01 ,0.00 (0.00 %),0 ,0 ,0 ,0 ,26.50 ,26.50 ,26.50 ,26.50 
533,18/10/2019,26.50 ,26.50 ,23.01 ,0.00 (0.00 %),0 ,0 ,0 ,0 ,26.50 ,26.5 ,26.50 ,26.50 
534,17/10/2019,26.50 ,26.50 ,23.01 ,0.00 (0.00 %),0 ,0 ,0 ,0 ,26.50 ,26.50 ,26.50 ,26.50 
535,16/10/2019,23.01 ,26.50 ,23.01 ,0.50 (1.92 %),500 ,"13,250,000 ",0 ,0 ,26.00 ,26.5 ,26.50 ,26.50 
536,15/10/2019,26.00 ,26.00 ,22.57 ,0.00 (0.00 %),0 ,0 ,0 ,0 ,26.00 ,26.00 ,26.00 ,26.00 
537,14/10/2019,26.00 ,26.00 ,22.57 ,0.00 (0.00 %),0 ,0 ,0 ,0 ,26.00 ,26.0 ,26.00 ,26.00 
538,11/10/2019,26.00 ,26.00 ,22.57 ,0.00 (0.00 %),0 ,0 ,0 ,0 ,26.00 ,26.00 ,26.00 ,26.00 
539,10/10/2019,26.00 ,26.00 ,22.57 ,0.00 (0.00 %),0 ,0 ,0 ,0 ,26.00 ,26.0 ,26.00 ,26.00 
540,09/10/2019,22.57 ,26.00 ,22.57 ,0.00 (0.00 %),"1,900 ","49,400,000 ",0 ,0 ,26.00 ,26.00 ,26.00 ,26.00 
541,08/10/2019,26.00 ,26.00 ,22.57 ,0.00 (0.00 %),0 ,0 ,0 ,0 ,26.00 ,26.0 ,26.00 ,26.00 
542,07/10/2019,22.57 ,26.00 ,22.57 ,-1.00 (-3.70 %),"3,400 ","88,400,000 ",0 ,0 ,27.00 ,26.00 ,26.00 ,26.00 
543,04/10/2019,23.44 ,27.00 ,23.44 ,3.50 (14.89 %),"1,000 ","27,000,000 ",0 ,0 ,23.50 ,27.0 ,27.00 ,27.00 
544,03/10/2019,23.50 ,23.50 ,20.40 ,0.00 (0.00 %),0 ,0 ,0 ,0 ,23.50 ,23.50 ,23.50 ,23.50 
545,02/10/2019,20.40 ,23.50 ,20.40 ,0.00 (0.00 %),100 ,"2,350,000 ",0 ,0 ,23.50 ,23.5 ,23.50 ,23.50 
546,01/10/2019,20.40 ,23.50 ,20.40 ,-3.50 (-12.96 %),100 ,"2,350,000 ",0 ,0 ,27.00 ,23.50 ,23.50 ,23.50 
547,30/09/2019,27.00 ,27.00 ,23.44 ,0.00 (0.00 %),0 ,0 ,0 ,0 ,27.00 ,27.0 ,27.00 ,27.00 
548,27/09/2019,23.44 ,27.00 ,23.44 ,3.40 (14.41 %),"1,100 ","29,700,000 ",0 ,0 ,23.60 ,27.00 ,27.00 ,27.00 
549,26/09/2019,23.60 ,23.60 ,20.49 ,0.00 (0.00 %),0 ,0 ,0 ,0 ,23.60 ,23.6 ,23.60 ,23.60 
550,25/09/2019,20.51 ,23.60 ,20.49 ,0.00 (0.00 %),400 ,"9,450,000 ",0 ,0 ,23.60 ,23.70 ,23.70 ,23.60 
551,24/09/2019,23.60 ,23.60 ,20.49 ,0.00 (0.00 %),0 ,0 ,0 ,0 ,23.60 ,23.6 ,23.60 ,23.60 
552,23/09/2019,23.60 ,23.60 ,20.49 ,0.00 (0.00 %),0 ,0 ,0 ,0 ,23.60 ,23.60 ,23.60 ,23.60 
553,20/09/2019,20.51 ,23.50 ,20.40 ,-0.70 (-2.89 %),"3,600 ","85,020,000 ",0 ,0 ,24.20 ,24.2 ,24.20 ,23.50 
554,19/09/2019,21.01 ,24.20 ,21.01 ,0.00 (0.00 %),100 ,"2,420,000 ",0 ,0 ,24.20 ,24.20 ,24.20 ,24.20 
555,18/09/2019,21.01 ,24.20 ,21.01 ,-3.30 (-12.00 %),"2,600 ","62,920,000 ",0 ,0 ,27.50 ,24.2 ,24.20 ,24.20 
556,17/09/2019,23.88 ,27.50 ,23.88 ,1.30 (4.96 %),100 ,"2,750,000 ",0 ,0 ,26.20 ,27.50 ,27.50 ,27.50 
557,16/09/2019,26.20 ,26.20 ,22.75 ,0.00 (0.00 %),0 ,0 ,0 ,0 ,26.20 ,26.2 ,26.20 ,26.20 
558,13/09/2019,22.75 ,26.20 ,22.75 ,2.10 (8.71 %),"1,900 ","49,780,000 ",0 ,0 ,24.10 ,26.20 ,26.20 ,26.20 
559,12/09/2019,20.93 ,24.10 ,20.93 ,0.00 (0.00 %),100 ,"2,410,000 ",0 ,0 ,24.10 ,24.1 ,24.10 ,24.10 
560,11/09/2019,24.10 ,24.10 ,20.93 ,0.00 (0.00 %),0 ,0 ,0 ,0 ,24.10 ,24.10 ,24.10 ,24.10 
561,10/09/2019,20.93 ,24.10 ,20.93 ,0.00 (0.00 %),500 ,"12,050,000 ",0 ,0 ,24.10 ,24.1 ,24.10 ,24.10 
562,09/09/2019,20.93 ,24.10 ,20.93 ,0.00 (0.00 %),100 ,"2,410,000 ",0 ,0 ,24.10 ,24.10 ,24.10 ,24.10 
563,06/09/2019,24.10 ,24.10 ,20.93 ,0.00 (0.00 %),0 ,0 ,0 ,0 ,24.10 ,24.1 ,24.10 ,24.10 
564,05/09/2019,24.10 ,24.10 ,20.93 ,0.00 (0.00 %),0 ,0 ,0 ,0 ,24.10 ,24.10 ,24.10 ,24.10 
565,04/09/2019,20.93 ,24.10 ,20.93 ,0.10 (0.42 %),200 ,"4,820,000 ",0 ,0 ,24.00 ,24.1 ,24.10 ,24.10 
566,03/09/2019,24.00 ,24.00 ,20.84 ,0.00 (0.00 %),0 ,0 ,0 ,0 ,24.00 ,24.00 ,24.00 ,24.00 
567,30/08/2019,20.84 ,24.00 ,20.84 ,-3.50 (-12.73 %),500 ,"12,000,000 ",0 ,0 ,27.50 ,24.0 ,24.00 ,24.00 
568,29/08/2019,27.50 ,27.50 ,23.88 ,0.00 (0.00 %),0 ,0 ,0 ,0 ,27.50 ,27.50 ,27.50 ,27.50 
569,28/08/2019,27.50 ,27.50 ,23.88 ,0.00 (0.00 %),0 ,0 ,0 ,0 ,27.50 ,27.5 ,27.50 ,27.50 
570,27/08/2019,27.50 ,27.50 ,23.88 ,0.00 (0.00 %),0 ,0 ,0 ,0 ,27.50 ,27.50 ,27.50 ,27.50 
571,26/08/2019,27.50 ,27.50 ,23.88 ,0.00 (0.00 %),0 ,0 ,0 ,0 ,27.50 ,27.5 ,27.50 ,27.50 
572,23/08/2019,27.50 ,27.50 ,23.88 ,0.00 (0.00 %),0 ,0 ,0 ,0 ,27.50 ,27.50 ,27.50 ,27.50 
573,22/08/2019,23.88 ,24.00 ,20.84 ,-4.00 (-14.29 %),800 ,"22,000,000 ",0 ,0 ,28.00 ,28.0 ,28.00 ,24.00 
574,21/08/2019,28.00 ,28.00 ,24.31 ,0.00 (0.00 %),0 ,0 ,0 ,0 ,28.00 ,28.00 ,28.00 ,28.00 
575,20/08/2019,28.00 ,28.00 ,24.31 ,0.00 (0.00 %),0 ,0 ,0 ,0 ,28.00 ,28.0 ,28.00 ,28.00 
576,19/08/2019,24.31 ,28.00 ,24.31 ,3.00 (12.00 %),800 ,"22,400,000 ",0 ,0 ,25.00 ,28.00 ,28.00 ,28.00 
577,16/08/2019,25.00 ,25.00 ,21.71 ,0.00 (0.00 %),0 ,0 ,0 ,0 ,25.00 ,25.0 ,25.00 ,25.00 
578,15/08/2019,25.00 ,25.00 ,21.71 ,0.00 (0.00 %),0 ,0 ,0 ,0 ,25.00 ,25.00 ,25.00 ,25.00 
579,14/08/2019,25.00 ,25.00 ,21.71 ,0.00 (0.00 %),0 ,0 ,0 ,0 ,25.00 ,25.0 ,25.00 ,25.00 
580,13/08/2019,25.00 ,25.00 ,21.71 ,0.00 (0.00 %),30 ,"639,000 ",0 ,0 ,25.00 ,25.00 ,25.00 ,25.00 
581,12/08/2019,21.71 ,25.00 ,21.71 ,0.00 (0.00 %),300 ,"7,500,000 ",0 ,0 ,25.00 ,25.0 ,25.00 ,25.00 
582,09/08/2019,25.00 ,25.00 ,21.71 ,0.00 (0.00 %),0 ,0 ,0 ,0 ,25.00 ,25.00 ,25.00 ,25.00 
583,08/08/2019,21.71 ,25.00 ,21.71 ,0.80 (3.31 %),100 ,"2,500,000 ",0 ,0 ,24.20 ,25.0 ,25.00 ,25.00 
584,07/08/2019,21.00 ,25.00 ,21.71 ,0.10 (0.40 %),"1,100 ","26,600,000 ",0 ,0 ,24.90 ,23.50 ,25.00 ,23.50 
585,06/08/2019,24.90 ,24.90 ,21.62 ,0.00 (0.00 %),0 ,0 ,0 ,0 ,24.90 ,24.9 ,24.90 ,24.90 
586,05/08/2019,21.59 ,25.00 ,21.71 ,0.70 (2.88 %),"1,120 ","27,820,000 ",0 ,0 ,24.30 ,23.50 ,25.00 ,23.50 
587,02/08/2019,21.10 ,24.30 ,21.10 ,0.30 (1.25 %),100 ,"2,430,000 ",0 ,0 ,24.00 ,24.3 ,24.30 ,24.30 
588,01/08/2019,20.84 ,24.00 ,20.84 ,0.50 (2.13 %),400 ,"9,600,000 ",0 ,0 ,23.50 ,24.00 ,24.00 ,24.00 
589,31/07/2019,20.40 ,23.50 ,20.40 ,-0.50 (-2.08 %),200 ,"4,700,000 ",0 ,0 ,24.00 ,23.5 ,23.50 ,23.50 
590,30/07/2019,24.00 ,24.00 ,20.84 ,0.00 (0.00 %),33 ,"759,000 ",0 ,0 ,24.00 ,24.00 ,24.00 ,24.00 
591,29/07/2019,20.84 ,24.00 ,20.84 ,0.90 (3.90 %),100 ,"2,400,000 ",0 ,0 ,23.10 ,24.0 ,24.00 ,24.00 
592,26/07/2019,20.06 ,23.10 ,20.06 ,-0.40 (-1.70 %),100 ,"2,310,000 ",0 ,0 ,23.50 ,23.10 ,23.10 ,23.10 
593,25/07/2019,23.50 ,23.50 ,20.40 ,0.00 (0.00 %),0 ,0 ,0 ,0 ,23.50 ,23.5 ,23.50 ,23.50 
594,24/07/2019,23.50 ,23.50 ,20.40 ,0.00 (0.00 %),0 ,0 ,0 ,0 ,23.50 ,23.50 ,23.50 ,23.50 
595,23/07/2019,23.50 ,23.50 ,20.40 ,0.00 (0.00 %),0 ,0 ,0 ,0 ,23.50 ,23.5 ,23.50 ,23.50 
596,22/07/2019,23.50 ,23.50 ,20.40 ,0.00 (0.00 %),0 ,0 ,0 ,0 ,23.50 ,23.50 ,23.50 ,23.50 
597,19/07/2019,23.50 ,23.50 ,20.40 ,0.00 (0.00 %),0 ,0 ,0 ,0 ,23.50 ,23.5 ,23.50 ,23.50 
598,18/07/2019,20.40 ,23.50 ,20.40 ,0.40 (1.73 %),500 ,"11,750,000 ",0 ,0 ,23.10 ,23.50 ,23.50 ,23.50 
599,17/07/2019,23.10 ,23.10 ,20.06 ,0.00 (0.00 %),0 ,0 ,0 ,0 ,23.10 ,23.1 ,23.10 ,23.10 
600,16/07/2019,20.09 ,23.50 ,20.40 ,1.20 (5.38 %),333 ,"7,679,200 ",0 ,0 ,22.30 ,22.40 ,23.50 ,22.40 
601,15/07/2019,22.30 ,22.30 ,19.36 ,0.00 (0.00 %),0 ,0 ,0 ,0 ,22.30 ,22.3 ,22.30 ,22.30 
602,12/07/2019,22.30 ,22.30 ,19.36 ,0.00 (0.00 %),0 ,0 ,0 ,0 ,22.30 ,22.30 ,22.30 ,22.30 
603,11/07/2019,19.38 ,23.30 ,20.23 ,0.90 (4.02 %),"11,100 ","247,780,000 ",0 ,0 ,22.40 ,22.5 ,23.30 ,22.30 
604,10/07/2019,19.44 ,22.00 ,19.10 ,-1.60 (-6.78 %),"2,600 ","58,200,000 ",0 ,0 ,23.60 ,23.00 ,23.00 ,22.00 
605,09/07/2019,23.60 ,23.60 ,20.49 ,0.00 (0.00 %),0 ,0 ,0 ,0 ,23.60 ,23.6 ,23.60 ,23.60 
606,08/07/2019,23.60 ,23.60 ,20.49 ,0.00 (0.00 %),0 ,0 ,0 ,0 ,23.60 ,23.60 ,23.60 ,23.60 
607,05/07/2019,20.49 ,23.60 ,20.49 ,0.00 (0.00 %),0 ,0 ,0 ,0 ,23.60 ,23.6 ,23.60 ,23.60 
608,04/07/2019,20.46 ,23.10 ,20.06 ,0.00 (0.00 %),"2,800 ","65,980,000 ",0 ,0 ,23.10 ,23.50 ,23.70 ,23.50 
609,03/07/2019,23.10 ,23.10 ,20.06 ,0.00 (0.00 %),0 ,0 ,0 ,0 ,23.10 ,23.1 ,23.10 ,23.10 
610,02/07/2019,20.04 ,23.50 ,20.40 ,1.00 (4.44 %),601 ,"13,873,000 ",0 ,0 ,22.50 ,23.00 ,23.50 ,23.00 
611,01/07/2019,22.50 ,22.50 ,19.54 ,0.00 (0.00 %),1 ,"22,500 ",0 ,0 ,22.50 ,22.5 ,22.50 ,22.50 
612,28/06/2019,19.54 ,22.50 ,19.54 ,-0.50 (-2.17 %),500 ,"11,250,000 ",0 ,0 ,23.00 ,22.50 ,22.50 ,22.50 
613,27/06/2019,23.00 ,23.00 ,19.97 ,0.00 (0.00 %),0 ,0 ,0 ,0 ,23.00 ,23.0 ,23.00 ,23.00 
614,26/06/2019,23.00 ,23.00 ,19.97 ,0.00 (0.00 %),0 ,0 ,0 ,0 ,23.00 ,23.00 ,23.00 ,23.00 
615,25/06/2019,19.97 ,23.00 ,19.97 ,1.80 (8.49 %),120 ,"2,760,000 ",0 ,0 ,21.20 ,23.0 ,23.00 ,23.00 
616,24/06/2019,18.38 ,22.00 ,19.10 ,0.00 (0.00 %),"1,200 ","25,400,000 ",0 ,0 ,22.00 ,21.00 ,22.00 ,21.00 
617,21/06/2019,22.00 ,22.00 ,19.10 ,0.00 (0.00 %),0 ,0 ,0 ,0 ,22.00 ,22.0 ,22.00 ,22.00 
618,20/06/2019,22.00 ,22.00 ,19.10 ,0.00 (0.00 %),0 ,0 ,0 ,0 ,22.00 ,22.00 ,22.00 ,22.00 
619,19/06/2019,22.00 ,22.00 ,19.10 ,0.00 (0.00 %),20 ,"374,000 ",0 ,0 ,22.00 ,22.0 ,22.00 ,22.00 
620,18/06/2019,19.10 ,22.00 ,19.10 ,-3.00 (-12.00 %),"1,000 ","22,000,000 ",0 ,0 ,25.00 ,22.00 ,22.00 ,22.00 
621,17/06/2019,25.00 ,25.00 ,21.71 ,0.00 (0.00 %),0 ,0 ,0 ,0 ,25.00 ,25.0 ,25.00 ,25.00 
622,14/06/2019,25.00 ,25.00 ,21.71 ,0.00 (0.00 %),0 ,0 ,0 ,0 ,25.00 ,25.00 ,25.00 ,25.00 
623,13/06/2019,25.00 ,25.00 ,21.71 ,0.00 (0.00 %),0 ,0 ,0 ,0 ,25.00 ,25.0 ,25.00 ,25.00 
624,12/06/2019,25.00 ,25.00 ,21.71 ,0.00 (0.00 %),0 ,0 ,0 ,0 ,25.00 ,25.00 ,25.00 ,25.00 
625,11/06/2019,21.71 ,25.00 ,21.71 ,0.00 (0.00 %),800 ,"20,000,000 ",0 ,0 ,25.00 ,25.0 ,25.00 ,25.00 
626,10/06/2019,21.71 ,25.00 ,21.71 ,-0.70 (-2.72 %),135 ,"3,266,500 ",0 ,0 ,25.70 ,25.00 ,25.00 ,25.00 
627,07/06/2019,25.70 ,25.70 ,22.31 ,0.00 (0.00 %),0 ,0 ,0 ,0 ,25.70 ,25.7 ,25.70 ,25.70 
628,06/06/2019,25.70 ,25.70 ,22.31 ,0.00 (0.00 %),20 ,"590,000 ",0 ,0 ,25.70 ,25.70 ,25.70 ,25.70 
629,05/06/2019,26.40 ,26.40 ,22.31 ,0.00 (0.00 %),35 ,"924,000 ",0 ,0 ,26.40 ,26.4 ,26.40 ,26.40 
630,04/06/2019,26.40 ,26.40 ,22.31 ,0.00 (0.00 %),0 ,0 ,0 ,0 ,26.40 ,26.40 ,26.40 ,26.40 
631,03/06/2019,25.00 ,25.00 ,21.13 ,-1.40 (-5.30 %),10 ,"290,000 ",0 ,0 ,26.40 ,0.0 ,0.00 ,0.00 
632,31/05/2019,26.40 ,26.40 ,22.31 ,0.00 (0.00 %),0 ,0 ,0 ,0 ,26.40 ,26.40 ,26.40 ,26.40 
633,30/05/2019,26.40 ,26.40 ,22.31 ,0.00 (0.00 %),0 ,0 ,0 ,0 ,26.40 ,26.4 ,26.40 ,26.40 
634,29/05/2019,26.40 ,26.40 ,22.31 ,0.00 (0.00 %),0 ,0 ,0 ,0 ,26.40 ,26.40 ,26.40 ,26.40 
635,28/05/2019,26.40 ,26.40 ,22.31 ,0.00 (0.00 %),0 ,0 ,0 ,0 ,26.40 ,26.4 ,26.40 ,26.40 
636,27/05/2019,22.28 ,25.00 ,21.13 ,-0.50 (-1.96 %),"1,100 ","29,000,000 ",0 ,0 ,25.50 ,26.50 ,26.50 ,25.00 
637,24/05/2019,25.50 ,25.50 ,21.55 ,0.00 (0.00 %),0 ,0 ,0 ,0 ,25.50 ,25.5 ,25.50 ,25.50 
638,23/05/2019,25.50 ,25.50 ,21.55 ,0.00 (0.00 %),0 ,0 ,0 ,0 ,25.50 ,25.50 ,25.50 ,25.50 
639,22/05/2019,25.50 ,25.50 ,21.55 ,0.00 (0.00 %),0 ,0 ,0 ,0 ,25.50 ,25.5 ,25.50 ,25.50 
640,21/05/2019,25.50 ,25.50 ,21.55 ,0.00 (0.00 %),0 ,0 ,0 ,0 ,25.50 ,25.50 ,25.50 ,25.50 
641,20/05/2019,25.50 ,25.50 ,21.55 ,0.00 (0.00 %),0 ,0 ,0 ,0 ,25.50 ,25.5 ,25.50 ,25.50 
642,17/05/2019,25.50 ,25.50 ,21.55 ,0.00 (0.00 %),0 ,0 ,0 ,0 ,25.50 ,25.50 ,25.50 ,25.50 
643,16/05/2019,21.55 ,25.50 ,21.55 ,0.00 (0.00 %),400 ,"10,200,000 ",0 ,0 ,25.50 ,25.5 ,25.50 ,25.50 
644,15/05/2019,25.50 ,25.50 ,21.55 ,0.00 (0.00 %),0 ,0 ,0 ,0 ,25.50 ,25.50 ,25.50 ,25.50 
645,14/05/2019,21.55 ,25.50 ,21.55 ,0.00 (0.00 %),300 ,"7,650,000 ",0 ,0 ,25.50 ,25.5 ,25.50 ,25.50 
646,13/05/2019,21.55 ,25.50 ,21.55 ,0.00 (0.00 %),300 ,"7,650,000 ",0 ,0 ,25.50 ,25.50 ,25.50 ,25.50 
647,10/05/2019,21.55 ,25.50 ,21.55 ,0.00 (0.00 %),200 ,"5,100,000 ",0 ,0 ,25.50 ,25.5 ,25.50 ,25.50 
648,09/05/2019,25.50 ,25.50 ,21.55 ,0.00 (0.00 %),0 ,0 ,0 ,0 ,25.50 ,25.50 ,25.50 ,25.50 
649,08/05/2019,21.55 ,25.50 ,21.55 ,0.00 (0.00 %),500 ,"12,750,000 ",0 ,0 ,25.50 ,25.5 ,25.50 ,25.50 
650,07/05/2019,21.55 ,25.50 ,21.55 ,0.00 (0.00 %),302 ,"7,708,600 ",0 ,0 ,25.50 ,25.50 ,25.50 ,25.50 
651,06/05/2019,25.50 ,25.50 ,21.55 ,0.00 (0.00 %),0 ,0 ,0 ,0 ,25.50 ,25.5 ,25.50 ,25.50 
652,03/05/2019,25.50 ,25.50 ,21.55 ,0.00 (0.00 %),0 ,0 ,0 ,0 ,25.50 ,25.50 ,25.50 ,25.50 
653,02/05/2019,25.50 ,25.50 ,21.55 ,0.00 (0.00 %),0 ,0 ,0 ,0 ,25.50 ,25.5 ,25.50 ,25.50 
654,26/04/2019,25.50 ,25.50 ,21.55 ,0.00 (0.00 %),10 ,"265,000 ",0 ,0 ,25.50 ,25.50 ,25.50 ,25.50 
655,25/04/2019,25.50 ,25.50 ,21.55 ,0.00 (0.00 %),3 ,"80,300 ",0 ,0 ,25.50 ,25.5 ,25.50 ,25.50 
656,24/04/2019,25.50 ,25.50 ,21.55 ,0.00 (0.00 %),0 ,0 ,0 ,0 ,25.50 ,25.50 ,25.50 ,25.50 
657,23/04/2019,25.50 ,25.50 ,21.55 ,0.00 (0.00 %),0 ,0 ,0 ,0 ,25.50 ,25.5 ,25.50 ,25.50 
658,22/04/2019,25.50 ,25.50 ,21.55 ,0.00 (0.00 %),0 ,0 ,0 ,0 ,25.50 ,25.50 ,25.50 ,25.50 
659,19/04/2019,25.50 ,25.50 ,21.55 ,0.00 (0.00 %),0 ,0 ,0 ,0 ,25.50 ,25.5 ,25.50 ,25.50 
660,18/04/2019,25.50 ,25.50 ,21.55 ,0.00 (0.00 %),0 ,0 ,0 ,0 ,25.50 ,25.50 ,25.50 ,25.50 
661,17/04/2019,25.50 ,25.50 ,21.55 ,0.00 (0.00 %),0 ,0 ,0 ,0 ,25.50 ,25.5 ,25.50 ,25.50 
662,16/04/2019,25.50 ,25.50 ,21.55 ,0.00 (0.00 %),0 ,0 ,0 ,0 ,25.50 ,25.50 ,25.50 ,25.50 
663,12/04/2019,25.50 ,25.50 ,21.55 ,0.00 (0.00 %),45 ,"1,318,500 ",0 ,0 ,25.50 ,25.5 ,25.50 ,25.50 
664,11/04/2019,25.50 ,25.50 ,21.55 ,0.00 (0.00 %),0 ,0 ,0 ,0 ,25.50 ,25.50 ,25.50 ,25.50 
665,10/04/2019,25.50 ,25.50 ,21.55 ,0.00 (0.00 %),0 ,0 ,0 ,0 ,25.50 ,25.5 ,25.50 ,25.50 
666,09/04/2019,21.55 ,25.50 ,21.55 ,0.00 (0.00 %),100 ,"2,550,000 ",0 ,0 ,25.50 ,25.50 ,25.50 ,25.50 
667,08/04/2019,25.50 ,25.50 ,21.55 ,0.00 (0.00 %),0 ,0 ,0 ,0 ,25.50 ,25.5 ,25.50 ,25.50 
668,05/04/2019,25.50 ,25.50 ,21.55 ,0.00 (0.00 %),0 ,0 ,0 ,0 ,25.50 ,25.50 ,25.50 ,25.50 
669,04/04/2019,25.50 ,25.50 ,21.55 ,0.00 (0.00 %),0 ,0 ,0 ,0 ,25.50 ,25.5 ,25.50 ,25.50 
670,03/04/2019,25.50 ,25.50 ,21.55 ,0.00 (0.00 %),0 ,0 ,0 ,0 ,25.50 ,25.50 ,25.50 ,25.50 
671,02/04/2019,25.50 ,25.50 ,21.55 ,0.00 (0.00 %),18 ,"482,400 ",0 ,0 ,25.50 ,25.5 ,25.50 ,25.50 
672,01/04/2019,25.50 ,25.50 ,21.55 ,0.00 (0.00 %),0 ,0 ,0 ,0 ,25.50 ,25.50 ,25.50 ,25.50 
673,29/03/2019,25.50 ,25.50 ,21.55 ,0.00 (0.00 %),0 ,0 ,0 ,0 ,25.50 ,25.5 ,25.50 ,25.50 
674,28/03/2019,25.50 ,25.50 ,21.55 ,0.00 (0.00 %),0 ,0 ,0 ,0 ,25.50 ,25.50 ,25.50 ,25.50 
675,27/03/2019,21.55 ,25.50 ,21.55 ,0.30 (1.19 %),100 ,"2,550,000 ",0 ,0 ,25.20 ,25.5 ,25.50 ,25.50 
676,26/03/2019,25.20 ,25.20 ,21.30 ,0.00 (0.00 %),0 ,0 ,0 ,0 ,25.20 ,25.20 ,25.20 ,25.20 
677,25/03/2019,21.30 ,25.20 ,21.30 ,0.00 (0.00 %),100 ,"2,520,000 ",0 ,0 ,25.20 ,25.2 ,25.20 ,25.20 
678,22/03/2019,21.30 ,25.20 ,21.30 ,0.00 (0.00 %),100 ,"2,520,000 ",0 ,0 ,25.20 ,25.20 ,25.20 ,25.20 
679,21/03/2019,21.30 ,25.20 ,21.30 ,0.00 (0.00 %),200 ,"5,040,000 ",0 ,0 ,25.20 ,25.2 ,25.20 ,25.20 
680,20/03/2019,25.20 ,25.20 ,21.30 ,0.00 (0.00 %),0 ,0 ,0 ,0 ,25.20 ,25.20 ,25.20 ,25.20 
681,19/03/2019,25.20 ,25.20 ,21.30 ,0.00 (0.00 %),0 ,0 ,0 ,0 ,25.20 ,25.2 ,25.20 ,25.20 
682,18/03/2019,25.20 ,25.20 ,21.30 ,0.00 (0.00 %),0 ,0 ,0 ,0 ,25.20 ,25.20 ,25.20 ,25.20 
683,15/03/2019,21.30 ,25.20 ,21.30 ,0.00 (0.00 %),100 ,"2,520,000 ",0 ,0 ,25.20 ,25.2 ,25.20 ,25.20 
684,14/03/2019,21.30 ,25.20 ,21.30 ,0.00 (0.00 %),200 ,"5,040,000 ",0 ,0 ,25.20 ,25.20 ,25.20 ,25.20 
685,13/03/2019,21.30 ,25.20 ,21.30 ,0.00 (0.00 %),100 ,"2,520,000 ",0 ,0 ,25.20 ,25.2 ,25.20 ,25.20 
686,12/03/2019,25.20 ,25.20 ,21.30 ,0.00 (0.00 %),0 ,0 ,0 ,0 ,25.20 ,25.20 ,25.20 ,25.20 
687,11/03/2019,21.30 ,25.20 ,21.30 ,0.00 (0.00 %),300 ,"7,560,000 ",0 ,0 ,25.20 ,25.2 ,25.20 ,25.20 
688,08/03/2019,21.30 ,25.20 ,21.30 ,3.20 (14.55 %),100 ,"2,520,000 ",0 ,0 ,22.00 ,25.20 ,25.20 ,25.20 
689,07/03/2019,22.00 ,22.00 ,18.60 ,0.00 (0.00 %),0 ,0 ,0 ,0 ,22.00 ,22.0 ,22.00 ,22.00 
690,06/03/2019,22.00 ,22.00 ,18.60 ,0.00 (0.00 %),0 ,0 ,0 ,0 ,22.00 ,22.00 ,22.00 ,22.00 
691,05/03/2019,22.00 ,22.00 ,18.60 ,0.00 (0.00 %),0 ,0 ,0 ,0 ,22.00 ,22.0 ,22.00 ,22.00 
692,04/03/2019,22.00 ,22.00 ,18.60 ,0.00 (0.00 %),0 ,0 ,0 ,0 ,22.00 ,22.00 ,22.00 ,22.00 
693,01/03/2019,22.00 ,22.00 ,18.60 ,0.00 (0.00 %),0 ,0 ,0 ,0 ,22.00 ,22.0 ,22.00 ,22.00 
694,28/02/2019,22.00 ,22.00 ,18.60 ,0.00 (0.00 %),0 ,0 ,0 ,0 ,22.00 ,22.00 ,22.00 ,22.00 
695,27/02/2019,22.00 ,22.00 ,18.60 ,0.00 (0.00 %),0 ,0 ,0 ,0 ,22.00 ,22.0 ,22.00 ,22.00 
696,26/02/2019,22.00 ,22.00 ,18.60 ,0.00 (0.00 %),0 ,0 ,0 ,0 ,22.00 ,22.00 ,22.00 ,22.00 
697,25/02/2019,22.00 ,22.00 ,18.60 ,0.00 (0.00 %),0 ,0 ,0 ,0 ,22.00 ,22.0 ,22.00 ,22.00 
698,22/02/2019,22.00 ,22.00 ,18.60 ,0.00 (0.00 %),0 ,0 ,0 ,0 ,22.00 ,22.00 ,22.00 ,22.00 
699,21/02/2019,22.00 ,22.00 ,18.60 ,0.00 (0.00 %),0 ,0 ,0 ,0 ,22.00 ,22.0 ,22.00 ,22.00 
700,20/02/2019,22.00 ,22.00 ,18.60 ,0.00 (0.00 %),0 ,0 ,0 ,0 ,22.00 ,22.00 ,22.00 ,22.00 
701,19/02/2019,18.60 ,22.00 ,18.60 ,-3.00 (-12.00 %),100 ,"2,200,000 ",0 ,0 ,25.00 ,22.0 ,22.00 ,22.00 
702,18/02/2019,25.00 ,25.00 ,21.13 ,0.00 (0.00 %),0 ,0 ,0 ,0 ,25.00 ,25.00 ,25.00 ,25.00 
703,15/02/2019,25.00 ,25.00 ,21.13 ,0.00 (0.00 %),0 ,0 ,0 ,0 ,25.00 ,25.0 ,25.00 ,25.00 
704,14/02/2019,21.13 ,25.00 ,21.13 ,-2.00 (-7.41 %),100 ,"2,500,000 ",0 ,0 ,27.00 ,25.00 ,25.00 ,25.00 
705,13/02/2019,22.82 ,27.00 ,22.82 ,-3.50 (-11.48 %),100 ,"2,700,000 ",0 ,0 ,30.50 ,27.0 ,27.00 ,27.00 
706,12/02/2019,30.50 ,30.50 ,25.78 ,0.00 (0.00 %),0 ,0 ,0 ,0 ,30.50 ,30.50 ,30.50 ,30.50 
707,11/02/2019,30.50 ,30.50 ,25.78 ,0.00 (0.00 %),0 ,0 ,0 ,0 ,30.50 ,30.5 ,30.50 ,30.50 
708,01/02/2019,30.50 ,30.50 ,25.78 ,0.00 (0.00 %),0 ,0 ,0 ,0 ,30.50 ,30.50 ,30.50 ,30.50 
709,31/01/2019,30.50 ,30.50 ,25.78 ,0.00 (0.00 %),0 ,0 ,0 ,0 ,30.50 ,30.5 ,30.50 ,30.50 
710,30/01/2019,30.50 ,30.50 ,25.78 ,0.00 (0.00 %),0 ,0 ,0 ,0 ,30.50 ,30.50 ,30.50 ,30.50 
711,29/01/2019,30.50 ,30.50 ,25.78 ,0.00 (0.00 %),0 ,0 ,0 ,0 ,30.50 ,30.5 ,30.50 ,30.50 
712,28/01/2019,30.50 ,30.50 ,25.78 ,0.00 (0.00 %),0 ,0 ,0 ,0 ,30.50 ,30.50 ,30.50 ,30.50 
713,25/01/2019,30.50 ,30.50 ,25.78 ,0.00 (0.00 %),0 ,0 ,0 ,0 ,30.50 ,30.5 ,30.50 ,30.50 
714,24/01/2019,30.50 ,30.50 ,25.78 ,0.00 (0.00 %),0 ,0 ,0 ,0 ,30.50 ,30.50 ,30.50 ,30.50 
715,23/01/2019,30.50 ,30.50 ,25.78 ,0.00 (0.00 %),0 ,0 ,0 ,0 ,30.50 ,30.5 ,30.50 ,30.50 
716,22/01/2019,30.50 ,30.50 ,25.78 ,0.00 (0.00 %),0 ,0 ,0 ,0 ,30.50 ,30.50 ,30.50 ,30.50 
717,21/01/2019,30.50 ,30.50 ,25.78 ,0.00 (0.00 %),0 ,0 ,0 ,0 ,30.50 ,30.5 ,30.50 ,30.50 
718,18/01/2019,30.50 ,30.50 ,25.78 ,0.00 (0.00 %),0 ,0 ,0 ,0 ,30.50 ,30.50 ,30.50 ,30.50 
719,17/01/2019,30.50 ,30.50 ,25.78 ,0.00 (0.00 %),0 ,0 ,0 ,0 ,30.50 ,30.5 ,30.50 ,30.50 
720,16/01/2019,25.78 ,30.50 ,25.78 ,0.00 (0.00 %),0 ,0 ,0 ,0 ,30.50 ,30.50 ,30.50 ,30.50 
721,15/01/2019,25.78 ,30.50 ,25.78 ,0.00 (0.00 %),0 ,0 ,0 ,0 ,30.50 ,30.5 ,30.50 ,30.50 
722,14/01/2019,25.78 ,30.50 ,25.78 ,0.00 (0.00 %),0 ,0 ,0 ,0 ,30.50 ,30.50 ,30.50 ,30.50 
723,11/01/2019,25.78 ,30.50 ,25.78 ,0.00 (0.00 %),0 ,0 ,0 ,0 ,30.50 ,30.5 ,30.50 ,30.50 
724,10/01/2019,25.78 ,30.50 ,25.78 ,0.00 (0.00 %),0 ,0 ,0 ,0 ,30.50 ,30.50 ,30.50 ,30.50 
725,09/01/2019,25.78 ,30.50 ,25.78 ,0.00 (0.00 %),0 ,0 ,0 ,0 ,30.50 ,30.5 ,30.50 ,30.50 
726,08/01/2019,25.78 ,30.50 ,25.78 ,0.00 (0.00 %),0 ,0 ,0 ,0 ,30.50 ,30.50 ,30.50 ,30.50 
727,07/01/2019,25.78 ,32.00 ,25.78 ,0.00 (0.00 %),100 ,"3,200,000 ",0 ,0 ,32.00 ,32.0 ,32.00 ,32.00 
728,04/01/2019,25.78 ,32.00 ,25.78 ,0.00 (0.00 %),0 ,0 ,0 ,0 ,32.00 ,32.00 ,32.00 ,32.00 
729,03/01/2019,25.78 ,32.00 ,25.78 ,0.00 (0.00 %),0 ,0 ,0 ,0 ,32.00 ,32.0 ,32.00 ,32.00 
730,02/01/2019,25.78 ,32.00 ,25.78 ,1.80 (5.96 %),100 ,"3,200,000 ",0 ,0 ,30.20 ,32.00 ,32.00 ,32.00 
731,28/12/2018,24.33 ,30.20 ,24.33 ,0.00 (0.00 %),0 ,0 ,0 ,0 ,30.20 ,30.2 ,30.20 ,30.20 
732,27/12/2018,24.33 ,30.20 ,24.33 ,0.00 (0.00 %),0 ,0 ,0 ,0 ,30.20 ,30.20 ,30.20 ,30.20 
733,26/12/2018,24.33 ,30.20 ,24.33 ,0.00 (0.00 %),0 ,0 ,0 ,0 ,30.20 ,30.2 ,30.20 ,30.20 
734,25/12/2018,24.33 ,30.20 ,24.33 ,0.00 (0.00 %),0 ,0 ,0 ,0 ,30.20 ,30.20 ,30.20 ,30.20 
735,24/12/2018,24.33 ,30.20 ,24.33 ,0.00 (0.00 %),0 ,0 ,0 ,0 ,30.20 ,30.2 ,30.20 ,30.20 
736,21/12/2018,24.33 ,30.20 ,24.33 ,2.20 (7.86 %),100 ,"3,020,000 ",0 ,0 ,28.00 ,30.20 ,30.20 ,30.20 
737,20/12/2018,22.56 ,28.00 ,22.56 ,0.00 (0.00 %),0 ,0 ,0 ,0 ,28.00 ,28.0 ,28.00 ,28.00 
738,19/12/2018,22.56 ,28.00 ,22.56 ,0.00 (0.00 %),0 ,0 ,0 ,0 ,28.00 ,28.00 ,28.00 ,28.00 
739,18/12/2018,22.56 ,28.00 ,22.56 ,0.00 (0.00 %),0 ,0 ,0 ,0 ,28.00 ,28.0 ,28.00 ,28.00 
740,17/12/2018,22.56 ,28.00 ,22.56 ,0.00 (0.00 %),0 ,0 ,0 ,0 ,28.00 ,28.00 ,28.00 ,28.00 
741,14/12/2018,22.56 ,28.00 ,22.56 ,0.00 (0.00 %),0 ,0 ,0 ,0 ,28.00 ,28.0 ,28.00 ,28.00 
742,13/12/2018,22.56 ,28.00 ,22.56 ,0.00 (0.00 %),0 ,0 ,0 ,0 ,28.00 ,28.00 ,28.00 ,28.00 
743,12/12/2018,22.56 ,28.00 ,22.56 ,0.00 (0.00 %),0 ,0 ,0 ,0 ,28.00 ,28.0 ,28.00 ,28.00 
744,11/12/2018,22.56 ,28.00 ,22.56 ,0.00 (0.00 %),0 ,0 ,0 ,0 ,28.00 ,28.00 ,28.00 ,28.00 
745,10/12/2018,22.56 ,28.00 ,22.56 ,0.00 (0.00 %),0 ,0 ,0 ,0 ,28.00 ,28.0 ,28.00 ,28.00 
746,07/12/2018,22.56 ,28.00 ,22.56 ,0.00 (0.00 %),0 ,0 ,0 ,0 ,28.00 ,28.00 ,28.00 ,28.00 
747,06/12/2018,22.56 ,28.00 ,22.56 ,0.00 (0.00 %),0 ,0 ,0 ,0 ,28.00 ,28.0 ,28.00 ,28.00 
748,05/12/2018,22.56 ,28.00 ,22.56 ,0.00 (0.00 %),0 ,0 ,0 ,0 ,28.00 ,28.00 ,28.00 ,28.00 
749,04/12/2018,22.56 ,28.00 ,22.56 ,-4.00 (-12.50 %),"2,000 ","56,000,000 ",0 ,0 ,32.00 ,28.0 ,28.00 ,28.00 
750,03/12/2018,25.78 ,32.00 ,25.78 ,0.00 (0.00 %),100 ,"3,200,000 ",0 ,0 ,32.00 ,32.00 ,32.00 ,32.00 
751,30/11/2018,25.78 ,32.00 ,25.78 ,0.00 (0.00 %),0 ,0 ,0 ,0 ,32.00 ,32.0 ,32.00 ,32.00 
752,29/11/2018,25.78 ,32.00 ,25.78 ,6.10 (23.55 %),"1,000 ","32,000,000 ",0 ,0 ,25.90 ,32.00 ,32.00 ,32.00 
753,28/11/2018,20.87 ,25.90 ,20.87 ,0.00 (0.00 %),0 ,0 ,0 ,0 ,25.90 ,25.9 ,25.90 ,25.90 
754,27/11/2018,20.87 ,25.90 ,20.87 ,0.00 (0.00 %),0 ,0 ,0 ,0 ,25.90 ,25.90 ,25.90 ,25.90 
755,26/11/2018,20.87 ,25.90 ,20.87 ,0.00 (0.00 %),0 ,0 ,0 ,0 ,25.90 ,25.9 ,25.90 ,25.90 
756,23/11/2018,20.87 ,25.90 ,20.87 ,0.00 (0.00 %),0 ,0 ,0 ,0 ,25.90 ,25.90 ,25.90 ,25.90 
757,22/11/2018,20.87 ,25.90 ,20.87 ,0.00 (0.00 %),0 ,0 ,0 ,0 ,25.90 ,25.9 ,25.90 ,25.90 
758,21/11/2018,20.87 ,25.90 ,20.87 ,0.00 (0.00 %),0 ,0 ,0 ,0 ,25.90 ,25.90 ,25.90 ,25.90 
759,20/11/2018,20.87 ,25.90 ,20.87 ,0.00 (0.00 %),0 ,0 ,0 ,0 ,25.90 ,25.9 ,25.90 ,25.90 
760,19/11/2018,20.87 ,25.90 ,20.87 ,0.00 (0.00 %),0 ,0 ,0 ,0 ,25.90 ,25.90 ,25.90 ,25.90 
761,16/11/2018,20.87 ,25.90 ,20.87 ,0.00 (0.00 %),0 ,0 ,0 ,0 ,25.90 ,25.9 ,25.90 ,25.90 
762,15/11/2018,20.87 ,25.90 ,20.87 ,0.00 (0.00 %),0 ,0 ,0 ,0 ,25.90 ,25.90 ,25.90 ,25.90 
763,14/11/2018,20.87 ,25.90 ,20.87 ,0.00 (0.00 %),0 ,0 ,0 ,0 ,25.90 ,25.9 ,25.90 ,25.90 
764,13/11/2018,20.87 ,25.90 ,20.87 ,0.00 (0.00 %),0 ,0 ,0 ,0 ,25.90 ,25.90 ,25.90 ,25.90 
765,12/11/2018,20.87 ,25.90 ,20.87 ,0.00 (0.00 %),0 ,0 ,0 ,0 ,25.90 ,25.9 ,25.90 ,25.90 
766,09/11/2018,20.87 ,25.90 ,20.87 ,0.00 (0.00 %),0 ,0 ,0 ,0 ,25.90 ,25.90 ,25.90 ,25.90 
767,08/11/2018,20.87 ,25.90 ,20.87 ,0.00 (0.00 %),0 ,0 ,0 ,0 ,25.90 ,25.9 ,25.90 ,25.90 
768,07/11/2018,20.87 ,25.90 ,20.87 ,0.00 (0.00 %),0 ,0 ,0 ,0 ,25.90 ,25.90 ,25.90 ,25.90 
769,06/11/2018,20.87 ,25.90 ,20.87 ,0.00 (0.00 %),0 ,0 ,0 ,0 ,25.90 ,25.9 ,25.90 ,25.90 
770,05/11/2018,20.87 ,25.90 ,20.87 ,0.00 (0.00 %),0 ,0 ,0 ,0 ,25.90 ,25.90 ,25.90 ,25.90 
771,02/11/2018,20.87 ,25.90 ,20.87 ,0.00 (0.00 %),0 ,0 ,0 ,0 ,25.90 ,25.9 ,25.90 ,25.90 
772,01/11/2018,20.87 ,25.90 ,20.87 ,0.00 (0.00 %),0 ,0 ,0 ,0 ,25.90 ,25.90 ,25.90 ,25.90 
773,31/10/2018,20.87 ,25.90 ,20.87 ,0.00 (0.00 %),0 ,0 ,0 ,0 ,25.90 ,25.9 ,25.90 ,25.90 
774,30/10/2018,20.87 ,25.90 ,20.87 ,0.00 (0.00 %),0 ,0 ,0 ,0 ,25.90 ,25.90 ,25.90 ,25.90 
775,29/10/2018,20.87 ,25.90 ,20.87 ,0.00 (0.00 %),0 ,0 ,0 ,0 ,25.90 ,25.9 ,25.90 ,25.90 
776,26/10/2018,20.87 ,25.90 ,20.87 ,0.00 (0.00 %),0 ,0 ,0 ,0 ,25.90 ,25.90 ,25.90 ,25.90 
777,25/10/2018,20.87 ,25.90 ,20.87 ,0.00 (0.00 %),0 ,0 ,0 ,0 ,25.90 ,25.9 ,25.90 ,25.90 
778,24/10/2018,20.87 ,25.90 ,20.87 ,0.00 (0.00 %),0 ,0 ,0 ,0 ,25.90 ,25.90 ,25.90 ,25.90 
779,23/10/2018,20.87 ,25.90 ,20.87 ,0.00 (0.00 %),0 ,0 ,0 ,0 ,25.90 ,25.9 ,25.90 ,25.90 
