,Ngày,Giá điều chỉnh,Giá đóng cửa,thay đổi,KL1,GT1,KL2,GT2,Giá mở cửa,Giá cao nhất,Giá thấp nhất
0,24/12/2021,17.00 ,17.00 ,17.00 ,  ,"2,193,770 ","37,831,548,000 ",0 ,0 ,16.80 ,16.90 
1,23/12/2021,17.10 ,17.10 ,17.10 ,  ,"4,728,632 ","79,598,126,500 ",0 ,0 ,16.50 ,16.8 
2,21/12/2021,16.60 ,16.60 ,16.60 ,  ,"1,745,524 ","28,912,293,300 ",0 ,0 ,16.60 ,16.60 
3,20/12/2021,16.60 ,16.60 ,16.60 ,  ,"1,416,852 ","23,533,141,400 ",0 ,0 ,17.00 ,16.9 
4,17/12/2021,16.90 ,16.90 ,16.90 ,  ,"5,552,426 ","94,131,078,800 ",0 ,0 ,16.30 ,16.50 
5,16/12/2021,16.40 ,16.40 ,16.40 ,  ,"1,163,741 ","18,954,546,500 ",0 ,0 ,16.20 ,16.5 
6,15/12/2021,16.30 ,16.30 ,16.30 ,  ,"1,047,322 ","16,997,799,600 ",0 ,0 ,16.30 ,16.20 
7,14/12/2021,16.30 ,16.30 ,16.30 ,  ,"1,952,951 ","31,893,427,500 ",0 ,0 ,16.40 ,16.5 
8,13/12/2021,16.50 ,16.50 ,16.50 ,  ,"1,756,067 ","28,755,345,300 ",0 ,0 ,16.30 ,16.40 
9,10/12/2021,16.20 ,16.20 ,16.20 ,  ,"1,467,813 ","23,861,564,600 ","379,600 ","7,079,540,000 ",16.30 ,16.5 
10,09/12/2021,16.40 ,16.40 ,16.40 ,  ,"2,565,345 ","41,771,053,900 ",0 ,0 ,16.00 ,16.00 
11,08/12/2021,15.80 ,15.80 ,15.80 ,  ,"1,214,055 ","19,451,311,000 ",0 ,0 ,15.80 ,16.2 
12,07/12/2021,16.10 ,16.10 ,16.10 ,  ,"2,230,983 ","35,184,560,200 ",0 ,0 ,15.20 ,15.30 
13,06/12/2021,15.10 ,15.10 ,15.10 ,  ,"1,100,033 ","16,735,821,500 ","998,000 ","13,273,400,000 ",15.60 ,15.4 
14,03/12/2021,15.50 ,15.50 ,15.50 ,  ,"1,607,547 ","25,064,972,600 ",0 ,0 ,15.70 ,15.80 
15,02/12/2021,15.80 ,15.80 ,15.80 ,  ,"1,093,490 ","17,133,737,300 ",0 ,0 ,15.50 ,15.8 
16,01/12/2021,15.80 ,15.80 ,15.80 ,  ,"1,532,537 ","23,729,405,400 ","998,000 ","17,764,400,000 ",15.50 ,15.30 
17,30/11/2021,15.50 ,15.50 ,15.50 ,  ,"1,770,610 ","27,391,736,500 ","1,379,600 ","17,834,800,000 ",15.10 ,15.3 
18,29/11/2021,15.30 ,15.30 ,15.30 ,  ,"1,741,347 ","26,325,142,700 ",0 ,0 ,15.70 ,15.00 
19,26/11/2021,15.60 ,15.60 ,15.60 ,  ,"1,574,267 ","24,764,824,200 ","1,000,000 ","13,600,000,000 ",15.90 ,15.9 
20,25/11/2021,16.00 ,16.00 ,16.00 ,  ,"2,098,169 ","33,405,579,300 ","1,000,000 ","18,100,000,000 ",15.90 ,15.90 
21,24/11/2021,15.80 ,15.80 ,15.80 ,  ,"1,310,576 ","20,849,296,800 ",0 ,0 ,15.70 ,16.0 
22,23/11/2021,16.10 ,16.10 ,16.10 ,  ,"1,594,029 ","25,102,196,700 ","1,150,000 ","20,692,500,000 ",15.70 ,15.20 
23,22/11/2021,15.20 ,15.20 ,15.20 ,  ,"4,081,863 ","64,251,783,300 ",0 ,0 ,16.80 ,16.4 
24,19/11/2021,16.50 ,16.50 ,16.50 ,  ,"4,323,405 ","72,653,826,400 ","140,000 ","2,072,000,000 ",17.40 ,17.20 
25,18/11/2021,17.20 ,17.20 ,17.20 ,  ,"3,353,666 ","58,297,661,400 ",0 ,0 ,17.80 ,17.8 
26,17/11/2021,17.90 ,17.90 ,17.90 ,  ,"4,039,516 ","71,897,216,500 ",0 ,0 ,17.30 ,17.40 
27,16/11/2021,17.30 ,17.30 ,17.30 ,  ,"2,510,131 ","43,420,403,300 ","140,000 ","2,058,000,000 ",17.20 ,17.3 
28,15/11/2021,17.30 ,17.30 ,17.30 ,  ,"5,078,597 ","87,166,218,200 ",0 ,0 ,17.40 ,17.40 
29,12/11/2021,17.40 ,17.40 ,17.40 ,  ,"2,368,844 ","41,240,221,100 ",0 ,0 ,17.70 ,17.7 
30,11/11/2021,17.70 ,17.70 ,17.70 ,  ,"3,378,524 ","59,689,853,500 ","140,000 ","2,142,000,000 ",17.90 ,18.10 
31,10/11/2021,18.10 ,18.10 ,18.10 ,  ,"4,471,983 ","80,263,438,500 ","100,000 ","1,480,000,000 ",17.40 ,17.4 
32,09/11/2021,17.40 ,17.40 ,17.40 ,  ,"3,273,086 ","56,922,372,100 ",0 ,0 ,17.70 ,17.80 
33,08/11/2021,17.70 ,17.70 ,17.70 ,  ,"3,534,743 ","62,406,314,500 ","140,000 ","2,030,000,000 ",17.00 ,17.4 
34,05/11/2021,17.30 ,17.30 ,17.30 ,  ,"5,351,590 ","91,117,227,800 ",51 ,"714,000 ",16.40 ,16.50 
35,04/11/2021,16.50 ,16.50 ,16.50 ,  ,"3,235,810 ","52,910,280,100 ",0 ,0 ,16.90 ,16.5 
36,03/11/2021,16.50 ,16.50 ,16.50 ,  ,"3,875,780 ","65,574,700,100 ",0 ,0 ,16.90 ,17.20 
37,02/11/2021,17.10 ,17.10 ,17.10 ,  ,"3,787,269 ","64,160,145,600 ",0 ,0 ,16.80 ,17.0 
38,01/11/2021,17.00 ,17.00 ,17.00 ,  ,"8,913,148 ","149,355,818,000 ",0 ,0 ,15.90 ,16.00 
39,29/10/2021,15.80 ,15.80 ,15.80 ,  ,"2,133,053 ","33,895,935,700 ",0 ,0 ,15.90 ,16.0 
40,28/10/2021,16.00 ,16.00 ,16.00 ,  ,"5,067,159 ","80,602,487,100 ",0 ,0 ,15.50 ,15.50 
41,27/10/2021,15.50 ,15.50 ,15.50 ,  ,"4,045,960 ","62,539,037,200 ",0 ,0 ,15.00 ,15.2 
42,26/10/2021,15.10 ,15.10 ,15.10 ,  ,"1,097,087 ","16,493,151,900 ",0 ,0 ,15.00 ,15.00 
43,25/10/2021,14.90 ,14.90 ,14.90 ,  ,"1,490,572 ","22,301,941,000 ",0 ,0 ,14.80 ,14.8 
44,22/10/2021,14.70 ,14.70 ,14.70 ,  ,"1,965,090 ","29,072,484,500 ",0 ,0 ,15.00 ,14.70 
45,21/10/2021,14.90 ,14.90 ,14.90 ,  ,"1,688,885 ","25,311,835,500 ",0 ,0 ,15.10 ,15.1 
46,20/10/2021,15.00 ,15.00 ,15.00 ,  ,"1,988,879 ","29,993,590,500 ",0 ,0 ,15.30 ,15.30 
47,19/10/2021,15.30 ,15.30 ,15.30 ,  ,"945,657 ","14,441,731,100 ",0 ,0 ,15.40 ,15.5 
48,18/10/2021,15.40 ,15.40 ,15.40 ,  ,"4,557,249 ","70,030,877,000 ","330,000 ","4,224,000,000 ",15.00 ,15.00 
49,15/10/2021,15.00 ,15.00 ,15.00 ,  ,"2,377,572 ","35,653,898,200 ",0 ,0 ,15.00 ,15.0 
50,14/10/2021,15.00 ,15.00 ,15.00 ,  ,"1,686,327 ","25,327,228,800 ",0 ,0 ,15.00 ,15.00 
51,13/10/2021,15.00 ,15.00 ,15.00 ,  ,"1,923,390 ","28,871,548,500 ",0 ,0 ,15.20 ,15.3 
52,12/10/2021,15.30 ,15.30 ,15.30 ,  ,"3,612,765 ","55,060,733,600 ","330,000 ","4,257,000,000 ",15.10 ,15.10 
53,11/10/2021,15.10 ,15.10 ,15.10 ,  ,"2,367,197 ","35,772,314,100 ",0 ,0 ,15.00 ,15.0 
54,08/10/2021,14.90 ,14.90 ,14.90 ,  ,"1,911,614 ","28,580,436,300 ",0 ,0 ,14.90 ,14.80 
55,07/10/2021,14.80 ,14.80 ,14.80 ,  ,"3,966,142 ","59,112,820,700 ",0 ,0 ,15.20 ,15.2 
56,06/10/2021,15.30 ,15.30 ,15.30 ,  ,"2,118,152 ","32,258,582,700 ",0 ,0 ,15.30 ,15.30 
57,05/10/2021,15.30 ,15.30 ,15.30 ,  ,"2,263,664 ","34,526,163,100 ",0 ,0 ,15.20 ,15.5 
58,04/10/2021,15.10 ,15.10 ,15.10 ,  ,"6,609,478 ","100,753,823,700 ","180,000 ","2,196,000,000 ",14.30 ,14.30 
59,01/10/2021,14.40 ,14.40 ,14.40 ,  ,"3,704,934 ","53,076,896,600 ",0 ,0 ,14.20 ,14.1 
60,30/09/2021,14.20 ,14.20 ,14.20 ,  ,"1,554,671 ","22,067,612,500 ",0 ,0 ,14.20 ,14.10 
61,29/09/2021,14.20 ,14.20 ,14.20 ,  ,"2,251,255 ","32,066,034,600 ",0 ,0 ,14.20 ,14.3 
62,28/09/2021,14.50 ,14.50 ,14.50 ,  ,"5,636,499 ","79,901,436,600 ","180,000 ","2,106,000,000 ",13.70 ,13.40 
63,27/09/2021,13.50 ,13.50 ,13.50 ,  ,"1,937,498 ","26,624,871,900 ",0 ,0 ,13.80 ,13.8 
64,24/09/2021,13.60 ,13.60 ,13.60 ,  ,"1,558,308 ","21,464,366,200 ",0 ,0 ,14.00 ,14.00 
65,23/09/2021,13.70 ,13.70 ,13.70 ,  ,"1,895,421 ","26,482,566,000 ",0 ,0 ,13.90 ,14.1 
66,22/09/2021,14.10 ,14.10 ,14.10 ,  ,"3,016,055 ","42,023,817,600 ",0 ,0 ,13.40 ,13.50 
67,21/09/2021,13.60 ,13.60 ,13.60 ,  ,"2,233,698 ","29,869,048,200 ",0 ,0 ,13.50 ,13.3 
68,20/09/2021,13.40 ,13.40 ,13.40 ,  ,"2,944,777 ","39,644,558,700 ",0 ,0 ,13.70 ,13.60 
69,17/09/2021,13.60 ,13.60 ,13.60 ,  ,"2,099,861 ","28,859,376,200 ",0 ,0 ,14.00 ,14.0 
70,16/09/2021,14.00 ,14.00 ,14.00 ,  ,"1,597,801 ","22,359,682,900 ",0 ,0 ,13.90 ,14.30 
71,15/09/2021,14.10 ,14.10 ,14.10 ,  ,"3,713,305 ","51,656,756,600 ",0 ,0 ,13.80 ,13.7 
72,14/09/2021,13.70 ,13.70 ,13.70 ,  ,"2,735,630 ","37,641,750,200 ","180,000 ","2,052,000,000 ",13.40 ,13.50 
73,13/09/2021,13.50 ,13.50 ,13.50 ,  ,"4,380,672 ","58,882,305,700 ",0 ,0 ,13.00 ,13.0 
74,10/09/2021,13.10 ,13.10 ,13.10 ,  ,"1,309,986 ","17,012,399,000 ",0 ,0 ,12.90 ,13.00 
75,09/09/2021,13.10 ,13.10 ,13.10 ,  ,"1,082,727 ","14,010,213,400 ",0 ,0 ,12.90 ,12.8 
76,08/09/2021,12.80 ,12.80 ,12.80 ,  ,"761,837 ","9,801,357,900 ",0 ,0 ,13.10 ,12.90 
77,07/09/2021,12.90 ,12.90 ,12.90 ,  ,"1,365,577 ","17,850,490,800 ",0 ,0 ,13.20 ,13.3 
78,06/09/2021,13.30 ,13.30 ,13.30 ,  ,"2,835,120 ","37,308,009,800 ","560,000 ","6,104,000,000 ",12.80 ,13.00 
79,01/09/2021,12.80 ,12.80 ,12.80 ,  ,"1,132,787 ","14,518,222,300 ",0 ,0 ,12.90 ,12.9 
80,31/08/2021,12.90 ,12.90 ,12.90 ,  ,"2,160,646 ","27,907,085,500 ",0 ,0 ,12.60 ,12.80 
81,30/08/2021,12.80 ,12.80 ,12.80 ,  ,"903,009 ","11,401,727,600 ",0 ,0 ,12.30 ,12.5 
82,27/08/2021,12.50 ,12.50 ,12.50 ,  ,"758,678 ","9,366,915,300 ",0 ,0 ,12.40 ,12.40 
83,26/08/2021,12.40 ,12.40 ,12.40 ,  ,"571,300 ","7,097,800,000 ",0 ,0 ,12.30 ,12.5 
84,25/08/2021,12.50 ,12.50 ,12.50 ,  ,"1,145,900 ","14,132,170,000 ",0 ,0 ,12.40 ,12.50 
85,24/08/2021,12.40 ,12.40 ,12.40 ,  ,"1,345,402 ","16,732,095,000 ","380,000 ","4,066,000,000 ",12.50 ,12.5 
86,23/08/2021,12.30 ,12.30 ,12.30 ,  ,"2,203,465 ","27,477,309,500 ",0 ,0 ,13.10 ,12.70 
87,20/08/2021,12.90 ,12.90 ,12.90 ,  ,"2,489,192 ","32,488,628,000 ","180,000 ","2,088,000,000 ",13.60 ,13.5 
88,19/08/2021,13.50 ,13.50 ,13.50 ,  ,"3,714,972 ","50,367,319,400 ",0 ,0 ,13.10 ,15.00 
89,18/08/2021,13.20 ,13.20 ,13.20 ,  ,"1,803,789 ","23,639,499,100 ",0 ,0 ,13.00 ,13.1 
90,17/08/2021,13.10 ,13.10 ,13.10 ,  ,"1,161,915 ","15,052,373,500 ","180,000 ","1,980,000,000 ",12.90 ,12.90 
91,16/08/2021,12.90 ,12.90 ,12.90 ,  ,"1,209,020 ","15,626,418,400 ",0 ,0 ,12.80 ,12.7 
92,13/08/2021,13.00 ,13.00 ,13.00 ,  ,"2,109,776 ","27,036,710,000 ",0 ,0 ,13.20 ,13.10 
93,12/08/2021,13.10 ,13.10 ,13.10 ,  ,"1,324,461 ","17,509,375,800 ",0 ,0 ,13.50 ,13.4 
94,11/08/2021,13.40 ,13.40 ,13.40 ,  ,"1,944,038 ","26,276,131,500 ",0 ,0 ,13.10 ,13.50 
95,10/08/2021,13.50 ,13.50 ,13.50 ,  ,"3,021,651 ","39,694,722,300 ",0 ,0 ,12.70 ,12.7 
96,09/08/2021,12.80 ,12.80 ,12.80 ,  ,"1,310,646 ","16,672,134,000 ",0 ,0 ,12.90 ,12.90 
97,06/08/2021,12.90 ,12.90 ,12.90 ,  ,"1,223,678 ","15,834,095,900 ",0 ,0 ,12.80 ,12.8 
98,05/08/2021,13.00 ,13.00 ,13.00 ,  ,"1,010,356 ","12,953,080,400 ",0 ,0 ,12.90 ,12.80 
99,04/08/2021,12.90 ,12.90 ,12.90 ,  ,"1,907,073 ","24,512,752,000 ",0 ,0 ,12.50 ,12.5 
100,03/08/2021,12.60 ,12.60 ,12.60 ,  ,"1,365,389 ","17,047,562,500 ",0 ,0 ,12.60 ,12.50 
101,02/08/2021,12.60 ,12.60 ,12.60 ,  ,"1,223,787 ","15,443,501,400 ",0 ,0 ,12.60 ,12.6 
102,30/07/2021,12.60 ,12.60 ,12.60 ,  ,"1,090,056 ","13,787,065,500 ",0 ,0 ,12.60 ,13.00 
103,29/07/2021,12.70 ,12.70 ,12.70 ,  ,"775,992 ","9,780,349,300 ",0 ,0 ,12.60 ,12.6 
104,28/07/2021,12.60 ,12.60 ,12.60 ,  ,"704,907 ","8,889,488,900 ",0 ,0 ,12.60 ,12.60 
105,27/07/2021,12.60 ,12.60 ,12.60 ,  ,"2,070,626 ","26,139,834,100 ","560,000 ","5,712,000,000 ",12.00 ,12.3 
106,26/07/2021,12.30 ,12.30 ,12.30 ,  ,"592,904 ","7,136,127,400 ",0 ,0 ,12.30 ,12.10 
107,23/07/2021,12.10 ,12.10 ,12.10 ,  ,"1,295,333 ","15,873,607,200 ",0 ,0 ,12.10 ,12.4 
108,22/07/2021,12.30 ,12.30 ,12.30 ,  ,"1,051,987 ","12,771,306,900 ",0 ,0 ,11.70 ,11.80 
109,21/07/2021,11.70 ,11.70 ,11.70 ,  ,"609,401 ","7,153,811,900 ",0 ,0 ,11.40 ,11.5 
110,20/07/2021,11.80 ,11.80 ,11.80 ,  ,"1,291,300 ","14,777,450,000 ",0 ,0 ,11.90 ,11.50 
111,19/07/2021,11.70 ,11.70 ,11.70 ,  ,"2,013,625 ","23,905,047,900 ","190,000 ","2,052,000,000 ",12.70 ,12.4 
112,16/07/2021,12.60 ,12.60 ,12.60 ,  ,"896,170 ","11,365,719,600 ",0 ,0 ,12.60 ,12.60 
113,15/07/2021,12.80 ,12.80 ,12.80 ,  ,"1,160,640 ","14,616,051,300 ",0 ,0 ,12.70 ,12.5 
114,14/07/2021,12.50 ,12.50 ,12.50 ,  ,"933,590 ","11,810,630,600 ",0 ,0 ,12.50 ,12.80 
115,13/07/2021,12.80 ,12.80 ,12.80 ,  ,"1,260,920 ","15,734,250,000 ","380,000 ","3,952,000,000 ",12.20 ,12.2 
116,12/07/2021,12.10 ,12.10 ,12.10 ,  ,"2,864,049 ","34,813,294,400 ","340,000 ","3,706,000,000 ",12.80 ,12.50 
117,09/07/2021,12.50 ,12.50 ,12.50 ,  ,"2,357,010 ","30,148,408,300 ",0 ,0 ,13.40 ,13.3 
118,08/07/2021,13.30 ,13.30 ,13.30 ,  ,"1,211,688 ","16,183,599,800 ",0 ,0 ,13.30 ,13.70 
119,07/07/2021,13.70 ,13.70 ,13.70 ,  ,"2,948,698 ","39,361,229,300 ",0 ,0 ,14.30 ,13.6 
120,06/07/2021,13.60 ,13.60 ,13.60 ,  ,"2,560,640 ","36,594,255,900 ",0 ,0 ,14.60 ,14.60 
121,05/07/2021,14.40 ,14.40 ,14.40 ,  ,"3,325,676 ","48,447,669,500 ",0 ,0 ,15.20 ,15.2 
122,02/07/2021,15.20 ,15.20 ,15.20 ,  ,"1,484,995 ","22,617,280,500 ",0 ,0 ,14.90 ,15.30 
123,01/07/2021,15.10 ,15.10 ,15.10 ,  ,"3,691,752 ","55,127,642,100 ",0 ,0 ,15.30 ,15.2 
124,30/06/2021,15.20 ,15.20 ,15.20 ,  ,"1,666,913 ","25,532,592,700 ",0 ,0 ,15.50 ,15.40 
125,29/06/2021,15.40 ,15.40 ,15.40 ,  ,"3,502,321 ","54,156,719,800 ",0 ,0 ,16.00 ,15.8 
126,28/06/2021,15.90 ,15.90 ,15.90 ,  ,"3,046,463 ","48,737,012,200 ","340,000 ","4,488,000,000 ",15.50 ,15.80 
127,25/06/2021,15.70 ,15.70 ,15.70 ,  ,"2,578,296 ","39,998,902,200 ",0 ,0 ,15.50 ,15.5 
128,24/06/2021,15.40 ,15.40 ,15.40 ,  ,"2,752,405 ","42,793,289,400 ",0 ,0 ,15.80 ,15.70 
129,23/06/2021,15.70 ,15.70 ,15.70 ,  ,"3,031,893 ","47,931,916,400 ",0 ,0 ,16.20 ,16.0 
130,22/06/2021,16.00 ,16.00 ,16.00 ,  ,"5,216,003 ","84,576,525,500 ",0 ,0 ,15.40 ,15.50 
131,18/06/2021,14.80 ,14.80 ,14.80 ,  ,"2,220,227 ","32,669,373,800 ",0 ,0 ,14.80 ,14.7 
132,17/06/2021,14.90 ,14.90 ,14.90 ,  ,"3,121,155 ","46,124,332,600 ",0 ,0 ,14.70 ,14.60 
133,16/06/2021,14.60 ,14.60 ,14.60 ,  ,"3,843,332 ","56,523,435,700 ","180,000 ","2,214,000,000 ",14.40 ,14.3 
134,15/06/2021,14.30 ,14.30 ,14.30 ,  ,"2,001,307 ","28,760,812,700 ",0 ,0 ,14.60 ,14.60 
135,14/06/2021,14.60 ,14.60 ,14.60 ,  ,"2,899,516 ","42,252,053,100 ",0 ,0 ,14.10 ,14.3 
136,11/06/2021,14.30 ,14.30 ,14.30 ,  ,"2,241,210 ","31,536,352,000 ",0 ,0 ,13.90 ,13.80 
137,10/06/2021,13.80 ,13.80 ,13.80 ,  ,"2,950,516 ","41,052,477,200 ",0 ,0 ,14.50 ,14.6 
138,09/06/2021,14.60 ,14.60 ,14.60 ,  ,"4,048,442 ","58,775,118,800 ","190,000 ","2,413,000,000 ",14.90 ,14.20 
139,08/06/2021,14.20 ,14.20 ,14.20 ,  ,"3,988,400 ","59,322,110,400 ",0 ,0 ,16.00 ,15.5 
140,07/06/2021,15.40 ,15.40 ,15.40 ,  ,"7,608,172 ","121,521,347,300 ","380,000 ","4,826,000,000 ",14.90 ,15.50 
141,04/06/2021,15.50 ,15.50 ,15.50 ,  ,"9,239,973 ","138,080,702,900 ","190,000 ","2,318,000,000 ",14.30 ,14.2 
142,03/06/2021,14.10 ,14.10 ,14.10 ,  ,"3,663,076 ","52,324,975,700 ","9,000 ","110,700,000 ",14.40 ,14.50 
143,02/06/2021,14.40 ,14.40 ,14.40 ,  ,"3,794,114 ","54,529,472,400 ",0 ,0 ,14.00 ,14.2 
144,01/06/2021,13.90 ,13.90 ,13.90 ,  ,"2,790,110 ","38,962,118,700 ","1,000,000 ","11,000,000,000 ",12.90 ,13.30 
145,31/05/2021,13.40 ,13.40 ,13.40 ,  ,"4,777,785 ","61,542,259,500 ",0 ,0 ,12.20 ,12.2 
146,28/05/2021,12.30 ,12.30 ,12.30 ,  ,"1,714,690 ","20,945,484,000 ",0 ,0 ,11.90 ,11.90 
147,27/05/2021,11.70 ,11.70 ,11.70 ,  ,"1,043,310 ","12,420,310,000 ",0 ,0 ,12.10 ,12.2 
148,26/05/2021,12.20 ,12.20 ,12.20 ,  ,"869,021 ","10,516,503,900 ",0 ,0 ,12.50 ,12.50 
149,25/05/2021,12.40 ,12.40 ,12.40 ,  ,"1,460,210 ","18,185,562,900 ",0 ,0 ,11.90 ,12.0 
150,24/05/2021,12.00 ,12.00 ,12.00 ,  ,"767,168 ","9,135,570,400 ",0 ,0 ,11.60 ,11.80 
151,21/05/2021,11.80 ,11.80 ,11.80 ,  ,"1,688,851 ","19,578,040,000 ",0 ,0 ,11.70 ,11.6 
152,20/05/2021,11.60 ,11.60 ,11.60 ,  ,"1,028,600 ","12,010,380,000 ",0 ,0 ,12.00 ,12.00 
153,19/05/2021,12.00 ,12.00 ,12.00 ,  ,"1,220,508 ","14,629,758,700 ",0 ,0 ,12.20 ,12.2 
154,18/05/2021,12.40 ,12.40 ,12.40 ,  ,"904,156 ","11,064,708,800 ",0 ,0 ,12.30 ,12.30 
155,17/05/2021,12.20 ,12.20 ,12.20 ,  ,"737,844 ","9,080,650,200 ",0 ,0 ,12.40 ,12.6 
156,14/05/2021,12.50 ,12.50 ,12.50 ,  ,"822,250 ","10,196,430,000 ",0 ,0 ,12.70 ,12.40 
157,13/05/2021,12.50 ,12.50 ,12.50 ,  ,"1,408,308 ","17,869,051,600 ",0 ,0 ,12.60 ,12.7 
158,12/05/2021,12.60 ,12.60 ,12.60 ,  ,"720,252 ","9,068,565,000 ",0 ,0 ,12.40 ,12.40 
159,11/05/2021,12.30 ,12.30 ,12.30 ,  ,"989,715 ","12,246,760,500 ",0 ,0 ,12.10 ,12.0 
160,07/05/2021,12.20 ,12.20 ,12.20 ,  ,"735,500 ","8,992,940,000 ",0 ,0 ,12.70 ,12.50 
161,06/05/2021,12.50 ,12.50 ,12.50 ,  ,"771,939 ","9,808,685,000 ",0 ,0 ,12.90 ,13.1 
162,05/05/2021,13.00 ,13.00 ,13.00 ,  ,"1,645,333 ","21,142,064,600 ",0 ,0 ,12.00 ,12.30 
163,04/05/2021,12.00 ,12.00 ,12.00 ,  ,"994,700 ","11,958,930,000 ",0 ,0 ,12.30 ,12.1 
164,29/04/2021,12.40 ,12.40 ,12.40 ,  ,"791,722 ","9,765,334,400 ",0 ,0 ,12.00 ,12.10 
165,28/04/2021,12.00 ,12.00 ,12.00 ,  ,"924,945 ","11,070,360,000 ","2,500 ","25,500,000 ",12.00 ,11.8 
166,27/04/2021,11.80 ,11.80 ,11.80 ,  ,"1,022,560 ","12,243,356,000 ",0 ,0 ,12.50 ,12.20 
167,26/04/2021,12.20 ,12.20 ,12.20 ,  ,"1,570,295 ","19,578,800,500 ",0 ,0 ,13.00 ,13.0 
168,23/04/2021,13.10 ,13.10 ,13.10 ,  ,"1,094,309 ","14,250,287,300 ",0 ,0 ,13.20 ,13.00 
169,22/04/2021,12.80 ,12.80 ,12.80 ,  ,"2,287,645 ","30,257,432,000 ",0 ,0 ,14.00 ,14.0 
170,20/04/2021,13.80 ,13.80 ,13.80 ,  ,"1,463,968 ","20,440,971,900 ",0 ,0 ,13.90 ,13.90 
171,19/04/2021,13.90 ,13.90 ,13.90 ,  ,"1,144,501 ","15,858,094,100 ",0 ,0 ,14.20 ,14.3 
172,16/04/2021,14.10 ,14.10 ,14.10 ,  ,"1,357,707 ","19,215,906,900 ",0 ,0 ,14.70 ,14.40 
173,15/04/2021,14.40 ,14.40 ,14.40 ,  ,"2,025,546 ","29,726,505,100 ",0 ,0 ,14.20 ,15.0 
174,14/04/2021,14.60 ,14.60 ,14.60 ,  ,"2,711,793 ","38,634,739,200 ",0 ,0 ,14.00 ,14.30 
175,13/04/2021,14.20 ,14.20 ,14.20 ,  ,"3,429,920 ","48,105,889,000 ",0 ,0 ,14.40 ,14.4 
176,12/04/2021,14.50 ,14.50 ,14.50 ,  ,"1,654,147 ","23,793,824,400 ",0 ,0 ,14.60 ,14.60 
177,08/04/2021,14.60 ,14.60 ,14.60 ,  ,"2,245,361 ","32,835,230,700 ",0 ,0 ,14.80 ,14.7 
178,07/04/2021,14.70 ,14.70 ,14.70 ,  ,"1,993,876 ","29,416,593,500 ",0 ,0 ,14.50 ,14.90 
179,06/04/2021,14.90 ,14.90 ,14.90 ,  ,"3,021,970 ","43,687,841,900 ",0 ,0 ,14.50 ,14.4 
180,05/04/2021,14.50 ,14.50 ,14.50 ,  ,"2,300,240 ","33,416,295,500 ",0 ,0 ,14.80 ,14.70 
181,02/04/2021,14.60 ,14.60 ,14.60 ,  ,"3,939,726 ","58,374,995,400 ",0 ,0 ,14.40 ,14.7 
182,01/04/2021,14.50 ,14.50 ,14.50 ,  ,"2,804,265 ","40,305,324,700 ",0 ,0 ,14.10 ,14.20 
183,31/03/2021,14.30 ,14.30 ,14.30 ,  ,"3,528,761 ","49,796,279,300 ",0 ,0 ,13.70 ,13.8 
184,30/03/2021,13.80 ,13.80 ,13.80 ,  ,"1,437,516 ","19,623,717,500 ",0 ,0 ,13.80 ,13.80 
185,29/03/2021,13.80 ,13.80 ,13.80 ,  ,"1,681,220 ","23,121,456,600 ",0 ,0 ,13.50 ,14.0 
186,25/03/2021,14.10 ,14.10 ,14.10 ,  ,"1,287,858 ","18,141,409,400 ","1,500 ","17,850,000 ",14.00 ,14.20 
187,24/03/2021,14.10 ,14.10 ,14.10 ,  ,"2,971,934 ","41,631,059,400 ",0 ,0 ,14.50 ,14.4 
188,23/03/2021,14.60 ,14.60 ,14.60 ,  ,"1,280,239 ","18,564,882,500 ",0 ,0 ,14.70 ,14.60 
189,22/03/2021,14.70 ,14.70 ,14.70 ,  ,"2,239,158 ","33,012,248,900 ",0 ,0 ,14.30 ,14.6 
190,19/03/2021,14.60 ,14.60 ,14.60 ,  ,"3,814,360 ","54,616,606,000 ",64 ,"934,400 ",14.60 ,14.30 
191,18/03/2021,14.60 ,14.60 ,14.60 ,  ,"1,244,304 ","18,146,388,000 ",10 ,"145,000 ",14.50 ,14.7 
192,17/03/2021,14.70 ,14.70 ,14.70 ,  ,"1,553,972 ","22,565,721,400 ",0 ,0 ,14.30 ,14.30 
193,16/03/2021,14.30 ,14.30 ,14.30 ,  ,"4,512,099 ","64,393,556,700 ",86 ,"1,272,800 ",14.80 ,14.8 
194,15/03/2021,14.80 ,14.80 ,14.80 ,  ,"1,534,970 ","22,723,244,000 ",60 ,"900,000 ",15.00 ,15.00 
195,12/03/2021,15.00 ,15.00 ,15.00 ,  ,"2,139,008 ","31,991,715,000 ",0 ,0 ,15.00 ,15.2 
196,11/03/2021,15.00 ,15.00 ,15.00 ,  ,"2,475,282 ","37,076,705,800 ",0 ,0 ,14.60 ,15.00 
197,10/03/2021,15.00 ,15.00 ,15.00 ,  ,"2,420,533 ","35,367,965,800 ",0 ,0 ,14.80 ,14.5 
198,09/03/2021,14.50 ,14.50 ,14.50 ,  ,"6,460,953 ","95,796,798,900 ",0 ,0 ,16.10 ,15.60 
199,05/03/2021,15.00 ,15.00 ,15.00 ,  ,"5,391,103 ","80,466,934,500 ","130,000 ","1,663,250,000 ",13.30 ,14.2 
200,04/03/2021,14.20 ,14.20 ,14.20 ,  ,"10,592,230 ","140,800,102,600 ",0 ,0 ,12.40 ,12.40 
201,03/03/2021,12.40 ,12.40 ,12.40 ,  ,"1,203,958 ","14,900,560,800 ",0 ,0 ,12.40 ,12.3 
202,02/03/2021,12.30 ,12.30 ,12.30 ,  ,"1,637,816 ","20,230,113,900 ",0 ,0 ,12.20 ,12.50 
203,01/03/2021,12.50 ,12.50 ,12.50 ,  ,"3,675,647 ","45,002,352,000 ",0 ,0 ,11.60 ,11.6 
204,26/02/2021,11.70 ,11.70 ,11.70 ,  ,"965,743 ","11,171,598,800 ",0 ,0 ,11.60 ,11.60 
205,25/02/2021,11.70 ,11.70 ,11.70 ,  ,"690,011 ","8,014,167,600 ",0 ,0 ,11.60 ,11.7 
206,24/02/2021,11.50 ,11.50 ,11.50 ,  ,"1,124,703 ","13,026,864,800 ",0 ,0 ,11.80 ,11.50 
207,23/02/2021,11.80 ,11.80 ,11.80 ,  ,"1,382,840 ","16,318,729,000 ",0 ,0 ,11.50 ,11.5 
208,22/02/2021,11.50 ,11.50 ,11.50 ,  ,"948,868 ","10,909,822,000 ",0 ,0 ,11.60 ,11.60 
209,19/02/2021,11.50 ,11.50 ,11.50 ,  ,"1,367,933 ","15,843,212,700 ",0 ,0 ,12.00 ,11.9 
210,18/02/2021,11.90 ,11.90 ,11.90 ,  ,"2,198,610 ","26,389,562,000 ",0 ,0 ,11.80 ,12.00 
211,17/02/2021,11.90 ,11.90 ,11.90 ,  ,"1,409,804 ","16,626,264,200 ",0 ,0 ,10.90 ,11.0 
212,09/02/2021,11.00 ,11.00 ,11.00 ,  ,"1,044,503 ","11,345,251,400 ",0 ,0 ,10.60 ,10.70 
213,05/02/2021,11.00 ,11.00 ,11.00 ,  ,"785,612 ","8,532,770,800 ",0 ,0 ,10.80 ,10.8 
214,04/02/2021,10.70 ,10.70 ,10.70 ,  ,"970,861 ","10,528,660,200 ",0 ,0 ,10.30 ,10.90 
215,03/02/2021,10.60 ,10.60 ,10.60 ,  ,"2,287,531 ","23,579,979,400 ",0 ,0 ,9.40 ,9.7 
216,02/02/2021,9.70 ,9.70 ,9.70 ,  ,"1,396,405 ","13,109,056,500 ",0 ,0 ,9.20 ,9.00 
217,01/02/2021,9.00 ,9.00 ,9.00 ,  ,"986,000 ","9,105,830,000 ",0 ,0 ,9.40 ,9.5 
218,29/01/2021,9.60 ,9.60 ,9.60 ,  ,"1,708,800 ","16,041,830,000 ",0 ,0 ,9.00 ,8.60 
219,28/01/2021,8.90 ,8.90 ,8.90 ,  ,"3,006,296 ","27,158,332,000 ",0 ,0 ,10.40 ,10.0 
220,27/01/2021,10.00 ,10.00 ,10.00 ,  ,"1,992,171 ","20,618,118,200 ",0 ,0 ,11.00 ,10.50 
221,26/01/2021,10.80 ,10.80 ,10.80 ,  ,"1,503,813 ","16,540,971,200 ",0 ,0 ,11.60 ,11.6 
222,25/01/2021,11.50 ,11.50 ,11.50 ,  ,"1,629,638 ","18,879,532,300 ",0 ,0 ,12.00 ,11.80 
223,22/01/2021,11.80 ,11.80 ,11.80 ,  ,"1,331,643 ","15,973,068,900 ",0 ,0 ,12.10 ,12.3 
224,21/01/2021,12.30 ,12.30 ,12.30 ,  ,"779,539 ","9,429,985,000 ",0 ,0 ,11.70 ,12.00 
225,20/01/2021,12.00 ,12.00 ,12.00 ,  ,"1,441,130 ","16,907,032,000 ",0 ,0 ,12.00 ,11.8 
226,19/01/2021,11.80 ,11.80 ,11.80 ,  ,"2,865,798 ","34,252,416,000 ",0 ,0 ,12.90 ,12.90 
227,18/01/2021,12.80 ,12.80 ,12.80 ,  ,"3,594,312 ","46,487,378,400 ",0 ,0 ,12.60 ,12.5 
228,15/01/2021,12.60 ,12.60 ,12.60 ,  ,"1,832,785 ","23,169,827,800 ",0 ,0 ,12.30 ,12.40 
229,14/01/2021,12.50 ,12.50 ,12.50 ,  ,"1,209,118 ","14,918,765,000 ",0 ,0 ,12.70 ,12.6 
230,13/01/2021,12.60 ,12.60 ,12.60 ,  ,"2,230,473 ","28,399,185,100 ",0 ,0 ,12.90 ,13.00 
231,12/01/2021,13.00 ,13.00 ,13.00 ,  ,"1,888,256 ","24,282,724,200 ",0 ,0 ,12.80 ,12.8 
232,11/01/2021,12.90 ,12.90 ,12.90 ,  ,"2,911,275 ","37,337,057,500 ",0 ,0 ,12.40 ,12.60 
233,08/01/2021,12.50 ,12.50 ,12.50 ,  ,"3,996,146 ","49,353,965,000 ",0 ,0 ,12.00 ,12.2 
234,07/01/2021,12.00 ,12.00 ,12.00 ,  ,"2,185,831 ","26,121,751,200 ",0 ,0 ,12.00 ,12.30 
235,06/01/2021,12.00 ,12.00 ,12.00 ,  ,"2,323,658 ","27,907,244,300 ",0 ,0 ,12.00 ,12.1 
236,05/01/2021,11.90 ,11.90 ,11.90 ,  ,"1,719,866 ","20,572,208,400 ",0 ,0 ,12.10 ,12.10 
237,04/01/2021,12.20 ,12.20 ,12.20 ,  ,"1,456,295 ","17,662,662,500 ",0 ,0 ,11.80 ,12.0 
238,31/12/2020,12.00 ,12.00 ,12.00 ,  ,"2,344,900 ","27,707,131,000 ",0 ,0 ,11.80 ,11.70 
239,30/12/2020,11.70 ,11.70 ,11.70 ,  ,"1,161,299 ","13,696,710,800 ",0 ,0 ,12.00 ,12.0 
240,29/12/2020,12.10 ,12.10 ,12.10 ,  ,"2,866,418 ","34,378,743,700 ",0 ,0 ,11.30 ,11.60 
241,28/12/2020,11.60 ,11.60 ,11.60 ,  ,"3,483,076 ","39,506,543,700 ",0 ,0 ,10.60 ,10.9 
242,25/12/2020,10.80 ,10.80 ,10.80 ,  ,"1,455,504 ","15,452,530,000 ",0 ,0 ,10.50 ,10.70 
243,24/12/2020,10.50 ,10.50 ,10.50 ,  ,"3,187,972 ","33,413,118,700 ",0 ,0 ,10.80 ,10.6 
244,23/12/2020,10.70 ,10.70 ,10.70 ,  ,"1,683,719 ","18,244,451,800 ","2,000,000 ","18,800,000,000 ",11.00 ,11.00 
245,22/12/2020,11.20 ,11.20 ,11.20 ,  ,"3,235,091 ","35,585,832,500 ",0 ,0 ,9.90 ,10.1 
246,21/12/2020,10.30 ,10.30 ,10.30 ,  ,"4,881,230 ","48,515,084,700 ",0 ,0 ,9.00 ,9.10 
247,18/12/2020,9.10 ,9.10 ,9.10 ,  ,"2,040,198 ","18,357,568,300 ","2,000,000 ","20,600,000,000 ",9.00 ,9.0 
248,17/12/2020,8.80 ,8.80 ,8.80 ,  ,"1,527,522 ","13,675,409,400 ",0 ,0 ,9.00 ,9.10 
249,16/12/2020,9.10 ,9.10 ,9.10 ,  ,"858,244 ","7,717,273,000 ",0 ,0 ,9.00 ,9.0 
250,15/12/2020,9.00 ,9.00 ,9.00 ,  ,"1,775,751 ","15,980,706,700 ",0 ,0 ,9.10 ,9.10 
251,14/12/2020,9.10 ,9.10 ,9.10 ,  ,"1,354,172 ","12,300,927,900 ",0 ,0 ,8.90 ,9.0 
252,11/12/2020,9.00 ,9.00 ,9.00 ,  ,"722,690 ","6,461,240,000 ","60,000 ","456,000,000 ",8.90 ,9.00 
253,10/12/2020,8.80 ,8.80 ,8.80 ,  ,"2,067,862 ","18,500,922,200 ",0 ,0 ,8.90 ,9.1 
254,09/12/2020,9.10 ,9.10 ,9.10 ,  ,"3,926,049 ","35,002,177,200 ",0 ,0 ,8.60 ,8.70 
255,08/12/2020,8.70 ,8.70 ,8.70 ,  ,"330,972 ","2,859,956,400 ","60,000 ","600,000,000 ",8.70 ,8.7 
256,07/12/2020,8.80 ,8.80 ,8.80 ,  ,"706,785 ","6,122,743,900 ",0 ,0 ,8.60 ,8.60 
257,04/12/2020,8.60 ,8.60 ,8.60 ,  ,"913,057 ","7,841,089,300 ","10,000 ","74,000,000 ",8.60 ,8.7 
258,03/12/2020,8.50 ,8.50 ,8.50 ,  ,"1,038,884 ","8,906,267,800 ",0 ,0 ,8.30 ,8.40 
259,02/12/2020,8.40 ,8.40 ,8.40 ,  ,"344,700 ","2,846,550,000 ",0 ,0 ,8.20 ,8.3 
260,01/12/2020,8.30 ,8.30 ,8.30 ,  ,"682,509 ","5,628,307,600 ","10,000 ","85,000,000 ",8.40 ,8.30 
261,30/11/2020,8.30 ,8.30 ,8.30 ,  ,"561,630 ","4,719,122,000 ",0 ,0 ,8.50 ,8.5 
262,26/11/2020,8.60 ,8.60 ,8.60 ,  ,"390,270 ","3,331,565,000 ","10,000 ","74,000,000 ",8.70 ,8.60 
263,25/11/2020,8.70 ,8.70 ,8.70 ,  ,"724,940 ","6,331,974,500 ",0 ,0 ,8.40 ,8.5 
264,24/11/2020,8.50 ,8.50 ,8.50 ,  ,"632,259 ","5,337,376,500 ",0 ,0 ,8.50 ,8.50 
265,20/11/2020,8.40 ,8.40 ,8.40 ,  ,"348,940 ","2,930,190,000 ",0 ,0 ,8.60 ,8.6 
266,19/11/2020,8.50 ,8.50 ,8.50 ,  ,"938,570 ","8,057,612,500 ","21,200 ","150,520,000 ",8.30 ,8.40 
267,18/11/2020,8.40 ,8.40 ,8.40 ,  ,"676,858 ","5,610,096,100 ","88,800 ","825,840,000 ",8.10 ,8.1 
268,17/11/2020,8.20 ,8.20 ,8.20 ,  ,"513,340 ","4,171,745,000 ",0 ,0 ,8.00 ,8.10 
269,16/11/2020,8.00 ,8.00 ,8.00 ,  ,"237,290 ","1,898,485,000 ","21,200 ","195,040,000 ",8.00 ,8.1 
270,13/11/2020,8.10 ,8.10 ,8.10 ,  ,"232,620 ","1,862,292,000 ","88,800 ","612,720,000 ",8.10 ,8.10 
271,12/11/2020,8.10 ,8.10 ,8.10 ,  ,"195,123 ","1,580,270,600 ","830,000 ","6,723,000,000 ",8.10 ,8.1 
272,11/11/2020,8.20 ,8.20 ,8.20 ,  ,"316,360 ","2,571,130,600 ","21,200 ","148,400,000 ",8.20 ,8.30 
273,10/11/2020,8.20 ,8.20 ,8.20 ,  ,"420,067 ","3,457,937,200 ","1,572,900 ","10,908,840,000 ",8.00 ,8.2 
274,09/11/2020,8.10 ,8.10 ,8.10 ,  ,"83,457 ","670,834,700 ",0 ,0 ,8.10 ,8.10 
275,06/11/2020,8.10 ,8.10 ,8.10 ,  ,"304,408 ","2,471,114,800 ","21,200 ","197,160,000 ",8.10 ,8.0 
276,05/11/2020,8.10 ,8.10 ,8.10 ,  ,"276,010 ","2,236,702,000 ","88,800 ","621,600,000 ",8.20 ,8.20 
277,04/11/2020,8.20 ,8.20 ,8.20 ,  ,"192,920 ","1,573,537,000 ",0 ,0 ,8.10 ,8.2 
278,03/11/2020,8.20 ,8.20 ,8.20 ,  ,"239,665 ","1,943,477,100 ","100,000 ","900,000,000 ",8.10 ,8.10 
279,02/11/2020,8.10 ,8.10 ,8.10 ,  ,"174,700 ","1,411,920,000 ","88,800 ","816,960,000 ",8.00 ,8.0 
280,30/10/2020,8.00 ,8.00 ,8.00 ,  ,"284,150 ","2,268,912,000 ",0 ,0 ,8.00 ,7.90 
281,29/10/2020,8.00 ,8.00 ,8.00 ,  ,"656,769 ","5,246,904,000 ",0 ,0 ,8.20 ,8.1 
282,28/10/2020,8.20 ,8.20 ,8.20 ,  ,"519,129 ","4,278,620,700 ","88,800 ","630,480,000 ",8.30 ,8.30 
283,27/10/2020,8.30 ,8.30 ,8.30 ,  ,"384,818 ","3,192,270,600 ","21,200 ","150,520,000 ",8.30 ,8.3 
284,26/10/2020,8.20 ,8.20 ,8.20 ,  ,"631,859 ","5,253,349,700 ",0 ,0 ,8.20 ,8.20 
285,23/10/2020,8.30 ,8.30 ,8.30 ,  ,"210,201 ","1,720,662,400 ","88,800 ","825,840,000 ",8.10 ,8.1 
286,22/10/2020,8.10 ,8.10 ,8.10 ,  ,"288,130 ","2,343,569,000 ","1,505,300 ","14,149,820,000 ",8.20 ,8.20 
287,21/10/2020,8.20 ,8.20 ,8.20 ,  ,"301,001 ","2,470,068,400 ",0 ,0 ,8.30 ,8.3 
288,20/10/2020,8.20 ,8.20 ,8.20 ,  ,"460,900 ","3,805,820,000 ",0 ,0 ,8.30 ,8.30 
289,19/10/2020,8.20 ,8.20 ,8.20 ,  ,"149,498 ","1,237,645,600 ",0 ,0 ,8.30 ,8.3 
290,16/10/2020,8.30 ,8.30 ,8.30 ,  ,"493,700 ","4,113,990,000 ",0 ,0 ,8.40 ,8.40 
291,15/10/2020,8.30 ,8.30 ,8.30 ,  ,"402,220 ","3,358,583,000 ","10,000 ","72,000,000 ",8.40 ,8.4 
292,14/10/2020,8.40 ,8.40 ,8.40 ,  ,"345,440 ","2,888,366,000 ","622,000 ","5,908,800,000 ",8.40 ,8.40 
293,13/10/2020,8.40 ,8.40 ,8.40 ,  ,"365,388 ","3,075,643,700 ",0 ,0 ,8.50 ,8.5 
294,12/10/2020,8.40 ,8.40 ,8.40 ,  ,"556,404 ","4,734,106,000 ",0 ,0 ,8.50 ,8.70 
295,09/10/2020,8.50 ,8.50 ,8.50 ,  ,"539,248 ","4,579,982,400 ","930,000 ","8,370,000,000 ",8.50 ,8.5 
296,08/10/2020,8.40 ,8.40 ,8.40 ,  ,"786,442 ","6,663,907,800 ",0 ,0 ,8.40 ,8.50 
297,07/10/2020,8.40 ,8.40 ,8.40 ,  ,"637,430 ","5,335,193,000 ",0 ,0 ,8.30 ,8.4 
298,06/10/2020,8.40 ,8.40 ,8.40 ,  ,"522,742 ","4,350,805,900 ",0 ,0 ,8.30 ,8.50 
299,05/10/2020,8.40 ,8.40 ,8.40 ,  ,"611,957 ","5,106,834,100 ",0 ,0 ,8.20 ,8.2 
300,02/10/2020,8.20 ,8.20 ,8.20 ,  ,"912,539 ","7,487,173,700 ",0 ,0 ,8.40 ,8.40 
301,01/10/2020,8.40 ,8.40 ,8.40 ,  ,"402,527 ","3,376,493,800 ",0 ,0 ,8.30 ,8.3 
302,30/09/2020,8.30 ,8.30 ,8.30 ,  ,"521,871 ","4,314,564,300 ",0 ,0 ,8.50 ,8.50 
303,29/09/2020,8.50 ,8.50 ,8.50 ,  ,"2,107,662 ","17,861,973,500 ",0 ,0 ,8.10 ,8.2 
304,28/09/2020,8.20 ,8.20 ,8.20 ,  ,"922,072 ","7,445,125,200 ",0 ,0 ,8.00 ,8.00 
305,25/09/2020,8.00 ,8.00 ,8.00 ,  ,"166,515 ","1,329,760,000 ",0 ,0 ,8.00 ,8.0 
306,24/09/2020,8.00 ,8.00 ,8.00 ,  ,"451,996 ","3,618,630,000 ",0 ,0 ,8.00 ,8.00 
307,23/09/2020,8.10 ,8.10 ,8.10 ,  ,"873,160 ","6,966,743,000 ",0 ,0 ,7.90 ,8.0 
308,22/09/2020,8.00 ,8.00 ,8.00 ,  ,"555,430 ","4,394,749,500 ",0 ,0 ,7.90 ,7.90 
309,21/09/2020,8.00 ,8.00 ,8.00 ,  ,"316,770 ","2,512,330,000 ","50,000 ","340,000,000 ",7.90 ,8.0 
310,18/09/2020,8.00 ,8.00 ,8.00 ,  ,"117,338 ","929,054,100 ",0 ,0 ,8.00 ,8.00 
311,17/09/2020,8.00 ,8.00 ,8.00 ,  ,"496,598 ","3,960,666,400 ",0 ,0 ,7.90 ,8.0 
312,16/09/2020,8.00 ,8.00 ,8.00 ,  ,"1,261,224 ","10,019,018,600 ",0 ,0 ,7.80 ,7.80 
313,15/09/2020,7.80 ,7.80 ,7.80 ,  ,"302,458 ","2,360,623,500 ",0 ,0 ,7.80 ,7.8 
314,14/09/2020,7.80 ,7.80 ,7.80 ,  ,"174,610 ","1,361,219,500 ",0 ,0 ,7.80 ,7.80 
315,11/09/2020,7.80 ,7.80 ,7.80 ,  ,"289,563 ","2,262,967,000 ",0 ,0 ,7.90 ,7.9 
316,10/09/2020,7.90 ,7.90 ,7.90 ,  ,"290,122 ","2,280,627,800 ",0 ,0 ,7.70 ,7.80 
317,09/09/2020,7.70 ,7.70 ,7.70 ,  ,"336,500 ","2,596,290,000 ",0 ,0 ,7.80 ,7.7 
318,08/09/2020,7.80 ,7.80 ,7.80 ,  ,"395,350 ","3,067,490,000 ","5,000 ","33,500,000 ",7.80 ,7.80 
319,07/09/2020,7.80 ,7.80 ,7.80 ,  ,"290,436 ","2,274,904,400 ",0 ,0 ,7.90 ,8.0 
320,04/09/2020,8.00 ,8.00 ,8.00 ,  ,"239,955 ","1,900,700,000 ",0 ,0 ,8.00 ,8.00 
321,03/09/2020,8.00 ,8.00 ,8.00 ,  ,"844,696 ","6,733,255,400 ",0 ,0 ,7.80 ,7.9 
322,01/09/2020,7.90 ,7.90 ,7.90 ,  ,"287,898 ","2,246,470,500 ",0 ,0 ,7.80 ,7.80 
323,31/08/2020,7.80 ,7.80 ,7.80 ,  ,"381,898 ","2,992,883,200 ",0 ,0 ,8.00 ,7.9 
324,28/08/2020,7.90 ,7.90 ,7.90 ,  ,"306,292 ","2,436,401,200 ",0 ,0 ,8.00 ,8.00 
325,27/08/2020,8.00 ,8.00 ,8.00 ,  ,"324,256 ","2,595,295,900 ",0 ,0 ,7.90 ,8.1 
326,26/08/2020,8.10 ,8.10 ,8.10 ,  ,"1,079,490 ","8,542,156,000 ",0 ,0 ,7.60 ,7.70 
327,25/08/2020,7.70 ,7.70 ,7.70 ,  ,"287,914 ","2,196,029,600 ",0 ,0 ,7.60 ,7.7 
328,24/08/2020,7.70 ,7.70 ,7.70 ,  ,"354,235 ","2,692,577,700 ",0 ,0 ,7.50 ,7.70 
329,21/08/2020,7.60 ,7.60 ,7.60 ,  ,"249,649 ","1,878,347,300 ",0 ,0 ,7.50 ,7.6 
330,20/08/2020,7.60 ,7.60 ,7.60 ,  ,"207,180 ","1,557,794,600 ",0 ,0 ,7.50 ,7.60 
331,19/08/2020,7.60 ,7.60 ,7.60 ,  ,"129,697 ","979,142,200 ",0 ,0 ,7.60 ,7.6 
332,18/08/2020,7.70 ,7.70 ,7.70 ,  ,"333,849 ","2,542,022,400 ",0 ,0 ,7.60 ,7.70 
333,17/08/2020,7.70 ,7.70 ,7.70 ,  ,"187,371 ","1,432,996,300 ",0 ,0 ,7.70 ,7.6 
334,14/08/2020,7.70 ,7.70 ,7.70 ,  ,"225,157 ","1,732,914,600 ",0 ,0 ,7.70 ,7.70 
335,13/08/2020,7.70 ,7.70 ,7.70 ,  ,"188,599 ","1,452,212,300 ",0 ,0 ,7.60 ,7.6 
336,12/08/2020,7.70 ,7.70 ,7.70 ,  ,"547,889 ","4,144,767,400 ",0 ,0 ,7.50 ,7.60 
337,11/08/2020,7.50 ,7.50 ,7.50 ,  ,"147,730 ","1,106,176,000 ",0 ,0 ,7.50 ,7.6 
338,10/08/2020,7.60 ,7.60 ,7.60 ,  ,"287,590 ","2,162,070,000 ",0 ,0 ,7.50 ,7.50 
339,07/08/2020,7.50 ,7.50 ,7.50 ,  ,"188,484 ","1,408,502,400 ",0 ,0 ,7.50 ,7.5 
340,06/08/2020,7.50 ,7.50 ,7.50 ,  ,"285,192 ","2,127,994,500 ",0 ,0 ,7.40 ,7.50 
341,05/08/2020,7.50 ,7.50 ,7.50 ,  ,"379,315 ","2,797,821,000 ",0 ,0 ,7.30 ,7.3 
342,04/08/2020,7.30 ,7.30 ,7.30 ,  ,"260,100 ","1,891,510,000 ",0 ,0 ,7.10 ,7.10 
343,03/08/2020,7.20 ,7.20 ,7.20 ,  ,"292,176 ","2,087,612,800 ",0 ,0 ,7.00 ,7.0 
344,31/07/2020,6.90 ,6.90 ,6.90 ,  ,"226,100 ","1,586,142,900 ",0 ,0 ,7.10 ,7.00 
345,30/07/2020,7.10 ,7.10 ,7.10 ,  ,"257,300 ","1,832,740,000 ",0 ,0 ,6.90 ,7.0 
346,29/07/2020,7.10 ,7.10 ,7.10 ,  ,"597,363 ","4,133,237,700 ",0 ,0 ,7.10 ,7.00 
347,28/07/2020,7.20 ,7.20 ,7.20 ,  ,"520,090 ","3,676,969,200 ",0 ,0 ,6.90 ,6.8 
348,27/07/2020,6.80 ,6.80 ,6.80 ,  ,"800,156 ","5,513,938,400 ",0 ,0 ,7.40 ,7.30 
349,24/07/2020,7.30 ,7.30 ,7.30 ,  ,"1,595,111 ","11,780,773,100 ",0 ,0 ,7.90 ,7.9 
350,23/07/2020,7.90 ,7.90 ,7.90 ,  ,"156,892 ","1,242,483,300 ",0 ,0 ,7.90 ,7.90 
351,22/07/2020,8.00 ,8.00 ,8.00 ,  ,"208,488 ","1,655,534,000 ",0 ,0 ,8.00 ,8.0 
352,21/07/2020,8.00 ,8.00 ,8.00 ,  ,"269,740 ","2,153,750,000 ",0 ,0 ,8.00 ,8.10 
353,20/07/2020,7.90 ,7.90 ,7.90 ,  ,"392,486 ","3,121,666,600 ",0 ,0 ,8.10 ,8.2 
354,17/07/2020,8.10 ,8.10 ,8.10 ,  ,"287,811 ","2,327,279,300 ",0 ,0 ,8.10 ,8.10 
355,16/07/2020,8.20 ,8.20 ,8.20 ,  ,"212,989 ","1,727,030,900 ",0 ,0 ,8.10 ,8.1 
356,15/07/2020,8.10 ,8.10 ,8.10 ,  ,"261,206 ","2,123,565,700 ",0 ,0 ,8.00 ,8.10 
357,14/07/2020,8.10 ,8.10 ,8.10 ,  ,"279,537 ","2,236,687,000 ",0 ,0 ,8.10 ,8.0 
358,13/07/2020,8.00 ,8.00 ,8.00 ,  ,"189,000 ","1,529,590,000 ",0 ,0 ,8.10 ,8.10 
359,10/07/2020,8.10 ,8.10 ,8.10 ,  ,"513,336 ","4,144,301,200 ",0 ,0 ,8.20 ,8.2 
360,09/07/2020,8.20 ,8.20 ,8.20 ,  ,"554,856 ","4,558,666,000 ",0 ,0 ,8.10 ,8.10 
361,08/07/2020,8.20 ,8.20 ,8.20 ,  ,"317,670 ","2,573,563,000 ",0 ,0 ,8.20 ,8.2 
362,07/07/2020,8.10 ,8.10 ,8.10 ,  ,"272,480 ","2,222,726,000 ",0 ,0 ,8.10 ,8.20 
363,06/07/2020,8.20 ,8.20 ,8.20 ,  ,"508,626 ","4,099,392,600 ",0 ,0 ,8.10 ,8.0 
364,03/07/2020,8.10 ,8.10 ,8.10 ,  ,"199,730 ","1,612,074,000 ","21,600 ","185,760,000 ",8.00 ,8.10 
365,02/07/2020,8.10 ,8.10 ,8.10 ,  ,"200,600 ","1,613,850,000 ",0 ,0 ,8.00 ,8.2 
366,01/07/2020,8.10 ,8.10 ,8.10 ,  ,"350,890 ","2,820,135,800 ",0 ,0 ,8.00 ,8.00 
367,30/06/2020,8.00 ,8.00 ,8.00 ,  ,"482,601 ","3,839,761,000 ","21,800 ","189,660,000 ",8.00 ,8.0 
368,29/06/2020,7.90 ,7.90 ,7.90 ,  ,"1,197,965 ","9,549,313,300 ",0 ,0 ,8.30 ,8.30 
369,26/06/2020,8.20 ,8.20 ,8.20 ,  ,"477,773 ","3,984,075,100 ",0 ,0 ,8.40 ,8.4 
370,25/06/2020,8.50 ,8.50 ,8.50 ,  ,"364,496 ","3,052,764,700 ",0 ,0 ,8.50 ,8.40 
371,24/06/2020,8.40 ,8.40 ,8.40 ,  ,"1,063,382 ","9,073,877,000 ",0 ,0 ,8.70 ,8.7 
372,23/06/2020,8.70 ,8.70 ,8.70 ,  ,"368,373 ","3,202,623,100 ","702,100 ","6,291,740,000 ",8.80 ,8.80 
373,22/06/2020,8.80 ,8.80 ,8.80 ,  ,"621,814 ","5,442,546,400 ",0 ,0 ,8.70 ,8.9 
374,19/06/2020,8.70 ,8.70 ,8.70 ,  ,"910,191 ","7,879,623,800 ","700,000 ","5,040,000,000 ",8.40 ,8.50 
375,18/06/2020,8.50 ,8.50 ,8.50 ,  ,"402,583 ","3,400,522,200 ",0 ,0 ,8.50 ,8.5 
376,17/06/2020,8.50 ,8.50 ,8.50 ,  ,"611,985 ","5,187,411,500 ",0 ,0 ,8.50 ,8.60 
377,16/06/2020,8.60 ,8.60 ,8.60 ,  ,"794,897 ","6,778,371,500 ",0 ,0 ,8.50 ,8.5 
378,15/06/2020,8.30 ,8.30 ,8.30 ,  ,"2,505,491 ","21,337,507,300 ",0 ,0 ,8.40 ,8.60 
379,12/06/2020,8.70 ,8.70 ,8.70 ,  ,"1,803,584 ","15,085,401,800 ",0 ,0 ,8.90 ,8.5 
380,11/06/2020,8.60 ,8.60 ,8.60 ,  ,"3,468,237 ","30,963,041,700 ",0 ,0 ,9.20 ,9.30 
381,10/06/2020,9.30 ,9.30 ,9.30 ,  ,"3,120,608 ","28,820,446,600 ",0 ,0 ,8.90 ,9.0 
382,09/06/2020,9.00 ,9.00 ,9.00 ,  ,"2,824,245 ","25,170,242,300 ",0 ,0 ,8.50 ,8.70 
383,08/06/2020,8.70 ,8.70 ,8.70 ,  ,"3,493,171 ","29,855,582,500 ",0 ,0 ,8.10 ,8.3 
384,05/06/2020,8.20 ,8.20 ,8.20 ,  ,"871,929 ","7,092,095,800 ",0 ,0 ,8.20 ,8.20 
385,04/06/2020,8.30 ,8.30 ,8.30 ,  ,"1,382,105 ","11,342,631,500 ","918,000 ","7,435,800,000 ",8.10 ,8.2 
386,03/06/2020,8.20 ,8.20 ,8.20 ,  ,"1,387,571 ","11,305,059,800 ",0 ,0 ,8.00 ,8.00 
387,02/06/2020,8.00 ,8.00 ,8.00 ,  ,"3,370,920 ","26,971,364,900 ",0 ,0 ,7.90 ,7.9 
388,01/06/2020,8.00 ,8.00 ,8.00 ,  ,"652,613 ","5,159,566,900 ","5,000 ","33,500,000 ",7.80 ,8.00 
389,29/05/2020,7.90 ,7.90 ,7.90 ,  ,"306,010 ","2,399,745,000 ",0 ,0 ,7.90 ,8.0 
390,28/05/2020,7.90 ,7.90 ,7.90 ,  ,"437,610 ","3,461,505,000 ",0 ,0 ,8.00 ,8.00 
391,27/05/2020,8.00 ,8.00 ,8.00 ,  ,"845,115 ","6,776,959,500 ",0 ,0 ,8.00 ,8.1 
392,26/05/2020,8.10 ,8.10 ,8.10 ,  ,"652,374 ","5,221,767,000 ",0 ,0 ,7.90 ,7.90 
393,25/05/2020,8.00 ,8.00 ,8.00 ,  ,"357,223 ","2,821,825,500 ",0 ,0 ,7.90 ,8.0 
394,22/05/2020,8.00 ,8.00 ,8.00 ,  ,"1,073,504 ","8,512,323,000 ",0 ,0 ,8.10 ,8.10 
395,21/05/2020,8.10 ,8.10 ,8.10 ,  ,"603,756 ","4,886,018,600 ",0 ,0 ,8.10 ,8.2 
396,20/05/2020,8.10 ,8.10 ,8.10 ,  ,"503,433 ","4,075,730,900 ",0 ,0 ,8.20 ,8.20 
397,19/05/2020,8.20 ,8.20 ,8.20 ,  ,"1,004,489 ","8,201,269,800 ",0 ,0 ,8.10 ,8.2 
398,18/05/2020,8.10 ,8.10 ,8.10 ,  ,"442,479 ","3,567,030,300 ",0 ,0 ,8.10 ,8.00 
399,15/05/2020,8.00 ,8.00 ,8.00 ,  ,"1,184,131 ","9,605,966,600 ","150,000 ","1,230,000,000 ",8.20 ,8.3 
400,14/05/2020,8.20 ,8.20 ,8.20 ,  ,"629,003 ","5,138,725,000 ",0 ,0 ,8.20 ,8.20 
401,13/05/2020,8.30 ,8.30 ,8.30 ,  ,"1,132,423 ","9,277,167,600 ",0 ,0 ,8.10 ,8.3 
402,12/05/2020,8.20 ,8.20 ,8.20 ,  ,"870,862 ","7,048,278,400 ",0 ,0 ,8.10 ,8.20 
403,11/05/2020,8.20 ,8.20 ,8.20 ,  ,"962,232 ","7,797,207,400 ","130,000 ","1,066,000,000 ",8.10 ,8.1 
404,08/05/2020,8.00 ,8.00 ,8.00 ,  ,"2,119,718 ","17,085,330,800 ",0 ,0 ,7.70 ,7.70 
405,07/05/2020,7.70 ,7.70 ,7.70 ,  ,"705,392 ","5,427,311,200 ",0 ,0 ,7.70 ,7.7 
406,06/05/2020,7.80 ,7.80 ,7.80 ,  ,"1,200,331 ","9,268,569,700 ",0 ,0 ,7.40 ,7.60 
407,05/05/2020,7.40 ,7.40 ,7.40 ,  ,"445,736 ","3,318,544,600 ",0 ,0 ,7.50 ,7.5 
408,04/05/2020,7.50 ,7.50 ,7.50 ,  ,"836,860 ","6,279,644,000 ",0 ,0 ,7.50 ,7.60 
409,29/04/2020,7.50 ,7.50 ,7.50 ,  ,"820,916 ","6,121,011,400 ",0 ,0 ,7.00 ,7.1 
410,28/04/2020,7.10 ,7.10 ,7.10 ,  ,"1,334,614 ","9,291,981,800 ",0 ,0 ,7.40 ,7.30 
411,27/04/2020,7.30 ,7.30 ,7.30 ,  ,"1,187,535 ","8,801,345,500 ",0 ,0 ,7.70 ,7.7 
412,24/04/2020,7.70 ,7.70 ,7.70 ,  ,"896,458 ","6,865,985,400 ",0 ,0 ,7.60 ,7.80 
413,23/04/2020,7.70 ,7.70 ,7.70 ,  ,"2,186,098 ","16,537,183,100 ",0 ,0 ,7.00 ,7.3 
414,22/04/2020,7.20 ,7.20 ,7.20 ,  ,"1,562,895 ","10,895,043,200 ",0 ,0 ,7.30 ,7.00 
415,21/04/2020,7.20 ,7.20 ,7.20 ,  ,"2,375,270 ","17,384,844,000 ",0 ,0 ,8.00 ,8.0 
416,20/04/2020,8.10 ,8.10 ,8.10 ,  ,"3,880,253 ","31,110,986,800 ",0 ,0 ,7.10 ,7.50 
417,17/04/2020,7.40 ,7.40 ,7.40 ,  ,"3,075,995 ","21,750,764,000 ",0 ,0 ,6.50 ,6.6 
418,16/04/2020,6.60 ,6.60 ,6.60 ,  ,"1,241,790 ","8,072,349,100 ",0 ,0 ,6.40 ,6.40 
419,15/04/2020,6.40 ,6.40 ,6.40 ,  ,"991,930 ","6,318,291,000 ",0 ,0 ,6.40 ,6.4 
420,14/04/2020,6.50 ,6.50 ,6.50 ,  ,"817,720 ","5,254,422,000 ","700,000 ","5,250,000,000 ",6.60 ,6.50 
421,13/04/2020,6.60 ,6.60 ,6.60 ,  ,"608,245 ","3,989,632,100 ",0 ,0 ,6.60 ,6.6 
422,10/04/2020,6.50 ,6.50 ,6.50 ,  ,"1,072,099 ","7,079,453,400 ",0 ,0 ,6.40 ,6.60 
423,09/04/2020,6.50 ,6.50 ,6.50 ,  ,"906,711 ","5,798,581,500 ","200,000 ","1,200,000,000 ",6.20 ,6.2 
424,08/04/2020,6.20 ,6.20 ,6.20 ,  ,"754,000 ","4,691,260,000 ",0 ,0 ,6.30 ,6.20 
425,07/04/2020,6.40 ,6.40 ,6.40 ,  ,"500,950 ","3,176,080,200 ","200,000 ","1,200,000,000 ",6.40 ,6.5 
426,06/04/2020,6.40 ,6.40 ,6.40 ,  ,"495,238 ","3,185,007,000 ",0 ,0 ,6.40 ,6.50 
427,03/04/2020,6.30 ,6.30 ,6.30 ,  ,"415,400 ","2,639,080,000 ",0 ,0 ,6.00 ,6.2 
428,01/04/2020,6.10 ,6.10 ,6.10 ,  ,"338,939 ","2,042,594,000 ","600,000 ","3,600,000,000 ",5.90 ,5.80 
429,31/03/2020,6.00 ,6.00 ,6.00 ,  ,"404,501 ","2,406,086,500 ",0 ,0 ,6.00 ,6.0 
430,30/03/2020,6.10 ,6.10 ,6.10 ,  ,"548,051 ","3,282,911,500 ",0 ,0 ,6.40 ,6.40 
431,27/03/2020,6.40 ,6.40 ,6.40 ,  ,"188,000 ","1,196,500,000 ",0 ,0 ,6.40 ,6.5 
432,26/03/2020,6.40 ,6.40 ,6.40 ,  ,"353,200 ","2,267,580,000 ","100,000 ","570,000,000 ",6.60 ,6.60 
433,25/03/2020,6.50 ,6.50 ,6.50 ,  ,"331,810 ","2,197,397,000 ",0 ,0 ,6.40 ,6.4 
434,24/03/2020,6.50 ,6.50 ,6.50 ,  ,"696,890 ","4,437,856,000 ",0 ,0 ,6.20 ,6.20 
435,23/03/2020,6.20 ,6.20 ,6.20 ,  ,"784,400 ","4,865,570,000 ","100,000 ","730,000,000 ",6.40 ,6.4 
436,20/03/2020,6.50 ,6.50 ,6.50 ,  ,"407,660 ","2,628,070,000 ",0 ,0 ,6.30 ,6.40 
437,19/03/2020,6.50 ,6.50 ,6.50 ,  ,"340,100 ","2,147,680,000 ",0 ,0 ,6.40 ,6.0 
438,18/03/2020,6.40 ,6.40 ,6.40 ,  ,"482,415 ","3,097,424,500 ","100,000 ","520,000,000 ",6.10 ,6.20 
439,17/03/2020,6.30 ,6.30 ,6.30 ,  ,"186,370 ","1,145,850,000 ",0 ,0 ,6.10 ,6.0 
440,16/03/2020,6.20 ,6.20 ,6.20 ,  ,"269,250 ","1,654,171,400 ",0 ,0 ,6.00 ,6.00 
441,13/03/2020,6.30 ,6.30 ,6.30 ,  ,"419,720 ","2,508,797,000 ","100,000 ","700,000,000 ",6.10 ,6.1 
442,12/03/2020,6.20 ,6.20 ,6.20 ,  ,"728,100 ","4,454,220,000 ",0 ,0 ,6.40 ,6.30 
443,11/03/2020,6.50 ,6.50 ,6.50 ,  ,"285,100 ","1,836,730,000 ",0 ,0 ,6.50 ,6.7 
444,10/03/2020,6.70 ,6.70 ,6.70 ,  ,"341,680 ","2,211,113,000 ","100,000 ","550,000,000 ",6.40 ,6.30 
445,09/03/2020,6.30 ,6.30 ,6.30 ,  ,"910,800 ","5,846,770,000 ","300,000 ","2,400,000,000 ",7.00 ,6.9 
446,06/03/2020,7.10 ,7.10 ,7.10 ,  ,"937,500 ","6,537,330,000 ",0 ,0 ,7.00 ,6.90 
447,05/03/2020,7.00 ,7.00 ,7.00 ,  ,"411,545 ","2,874,479,500 ","100,056 ","790,330,400 ",6.90 ,6.9 
448,04/03/2020,6.90 ,6.90 ,6.90 ,  ,"239,700 ","1,653,790,000 ",0 ,0 ,7.00 ,7.00 
449,03/03/2020,6.90 ,6.90 ,6.90 ,  ,"748,150 ","5,256,120,000 ",0 ,0 ,6.70 ,6.8 
450,02/03/2020,6.80 ,6.80 ,6.80 ,  ,"149,850 ","1,002,595,400 ","100,000 ","570,000,000 ",6.70 ,6.60 
451,28/02/2020,6.80 ,6.80 ,6.80 ,  ,"224,110 ","1,506,504,000 ",0 ,0 ,6.90 ,6.8 
452,27/02/2020,6.90 ,6.90 ,6.90 ,  ,"152,700 ","1,047,580,000 ",0 ,0 ,6.80 ,6.80 
453,26/02/2020,6.90 ,6.90 ,6.90 ,  ,"139,600 ","950,650,000 ","100,000 ","780,000,000 ",6.80 ,6.8 
454,25/02/2020,6.90 ,6.90 ,6.90 ,  ,"479,950 ","3,245,097,000 ",0 ,0 ,6.90 ,6.80 
455,24/02/2020,7.00 ,7.00 ,7.00 ,  ,"223,574 ","1,540,798,000 ",0 ,0 ,7.10 ,7.0 
456,21/02/2020,7.10 ,7.10 ,7.10 ,  ,"257,400 ","1,821,350,000 ","100,000 ","620,000,000 ",7.20 ,7.20 
457,20/02/2020,7.20 ,7.20 ,7.20 ,  ,"483,820 ","3,460,555,000 ",0 ,0 ,7.10 ,7.2 
458,19/02/2020,7.20 ,7.20 ,7.20 ,  ,"109,900 ","777,730,000 ",0 ,0 ,7.00 ,7.00 
459,18/02/2020,7.00 ,7.00 ,7.00 ,  ,"198,400 ","1,390,370,000 ","100,000 ","810,000,000 ",7.10 ,7.1 
460,17/02/2020,7.00 ,7.00 ,7.00 ,  ,"249,810 ","1,767,601,000 ",0 ,0 ,7.10 ,7.00 
461,14/02/2020,7.10 ,7.10 ,7.10 ,  ,"165,000 ","1,179,480,000 ",0 ,0 ,7.20 ,7.2 
462,13/02/2020,7.20 ,7.20 ,7.20 ,  ,"390,240 ","2,802,572,000 ",0 ,0 ,7.20 ,7.30 
463,12/02/2020,7.30 ,7.30 ,7.30 ,  ,"371,410 ","2,658,412,000 ",0 ,0 ,7.00 ,7.1 
464,11/02/2020,7.00 ,7.00 ,7.00 ,  ,"389,700 ","2,720,741,000 ",0 ,0 ,6.90 ,7.00 
465,10/02/2020,7.00 ,7.00 ,7.00 ,  ,"310,374 ","2,150,558,000 ",0 ,0 ,7.00 ,7.0 
466,07/02/2020,7.10 ,7.10 ,7.10 ,  ,"341,500 ","2,390,790,000 ",0 ,0 ,7.00 ,7.00 
467,06/02/2020,7.10 ,7.10 ,7.10 ,  ,"233,005 ","1,636,135,500 ",0 ,0 ,7.00 ,7.1 
468,05/02/2020,7.00 ,7.00 ,7.00 ,  ,"233,200 ","1,639,520,000 ",0 ,0 ,7.00 ,7.00 
469,04/02/2020,7.00 ,7.00 ,7.00 ,  ,"230,620 ","1,603,752,000 ",0 ,0 ,6.80 ,6.9 
470,03/02/2020,7.00 ,7.00 ,7.00 ,  ,"575,900 ","3,897,700,000 ",0 ,0 ,7.50 ,7.20 
471,31/01/2020,7.20 ,7.20 ,7.20 ,  ,"265,840 ","1,983,076,500 ",0 ,0 ,7.80 ,7.7 
472,30/01/2020,7.80 ,7.80 ,7.80 ,  ,"178,655 ","1,398,162,000 ",0 ,0 ,8.20 ,8.20 
473,22/01/2020,8.10 ,8.10 ,8.10 ,  ,"353,010 ","2,889,055,000 ",0 ,0 ,8.20 ,8.3 
474,21/01/2020,8.20 ,8.20 ,8.20 ,  ,"199,437 ","1,626,899,700 ",0 ,0 ,8.00 ,8.20 
475,20/01/2020,8.10 ,8.10 ,8.10 ,  ,"216,150 ","1,722,935,000 ",0 ,0 ,7.70 ,7.8 
476,17/01/2020,7.80 ,7.80 ,7.80 ,  ,"60,310 ","465,959,000 ",0 ,0 ,7.80 ,7.80 
477,16/01/2020,7.90 ,7.90 ,7.90 ,  ,"64,804 ","506,480,800 ",0 ,0 ,7.70 ,7.7 
478,15/01/2020,7.70 ,7.70 ,7.70 ,  ,"78,340 ","604,732,000 ",0 ,0 ,7.90 ,7.80 
479,14/01/2020,7.90 ,7.90 ,7.90 ,  ,"87,920 ","693,098,000 ",0 ,0 ,7.90 ,8.0 
480,13/01/2020,7.90 ,7.90 ,7.90 ,  ,"98,100 ","778,310,000 ",0 ,0 ,7.90 ,8.00 
481,10/01/2020,7.80 ,7.80 ,7.80 ,  ,"180,900 ","1,436,480,000 ",0 ,0 ,8.10 ,8.0 
482,09/01/2020,8.00 ,8.00 ,8.00 ,  ,"281,813 ","2,273,600,300 ",0 ,0 ,8.30 ,8.20 
483,08/01/2020,8.20 ,8.20 ,8.20 ,  ,"205,079 ","1,695,142,200 ",0 ,0 ,8.20 ,8.3 
484,07/01/2020,8.30 ,8.30 ,8.30 ,  ,"67,300 ","555,080,000 ",0 ,0 ,8.30 ,8.40 
485,06/01/2020,8.40 ,8.40 ,8.40 ,  ,"466,153 ","3,882,207,200 ",0 ,0 ,8.20 ,8.3 
486,03/01/2020,8.20 ,8.20 ,8.20 ,  ,"163,800 ","1,340,920,000 ",0 ,0 ,8.20 ,8.10 
487,02/01/2020,8.20 ,8.20 ,8.20 ,  ,"144,650 ","1,182,180,000 ",0 ,0 ,8.70 ,8.4 
488,31/12/2019,8.30 ,8.30 ,8.30 ,  ,"321,610 ","2,798,471,000 ",0 ,0 ,8.10 ,8.20 
489,30/12/2019,8.00 ,8.00 ,8.00 ,  ,"95,900 ","779,990,000 ",0 ,0 ,8.10 ,8.2 
490,27/12/2019,8.20 ,8.20 ,8.20 ,  ,"51,700 ","419,010,000 ",0 ,0 ,8.20 ,8.20 
491,26/12/2019,8.20 ,8.20 ,8.20 ,  ,"194,265 ","1,585,954,500 ","100,000 ","710,000,000 ",8.30 ,8.3 
492,25/12/2019,8.20 ,8.20 ,8.20 ,  ,"166,310 ","1,373,278,000 ","71,400 ","592,620,000 ",8.20 ,8.40 
493,24/12/2019,8.30 ,8.30 ,8.30 ,  ,"159,355 ","1,310,296,500 ","500,000 ","4,000,000,000 ",8.40 ,8.4 
494,23/12/2019,8.30 ,8.30 ,8.30 ,  ,"229,210 ","1,927,429,000 ","100,000 ","1,000,000,000 ",8.70 ,7.70 
495,20/12/2019,8.80 ,8.80 ,8.80 ,  ,"154,800 ","1,351,200,000 ",0 ,0 ,8.80 ,8.7 
496,19/12/2019,8.70 ,8.70 ,8.70 ,  ,"242,000 ","2,127,480,000 ",0 ,0 ,9.10 ,9.00 
497,18/12/2019,9.00 ,9.00 ,9.00 ,  ,"170,930 ","1,549,290,000 ","100,000 ","770,000,000 ",9.00 ,9.0 
498,17/12/2019,9.00 ,9.00 ,9.00 ,  ,"88,450 ","798,870,000 ",0 ,0 ,9.10 ,9.10 
499,16/12/2019,9.00 ,9.00 ,9.00 ,  ,"80,915 ","735,363,300 ",0 ,0 ,9.00 ,9.0 
500,13/12/2019,9.10 ,9.10 ,9.10 ,  ,"128,100 ","1,157,400,000 ","1,600,000 ","14,530,000,000 ",9.00 ,9.10 
501,12/12/2019,9.00 ,9.00 ,9.00 ,  ,"198,500 ","1,779,800,000 ",0 ,0 ,9.10 ,9.2 
502,11/12/2019,9.00 ,9.00 ,9.00 ,  ,"176,610 ","1,607,572,000 ",0 ,0 ,9.60 ,9.20 
503,10/12/2019,9.20 ,9.20 ,9.20 ,  ,"2,023,900 ","19,472,920,000 ","100,000 ","790,000,000 ",9.20 ,9.2 
504,09/12/2019,9.20 ,9.20 ,9.20 ,  ,"126,445 ","1,159,354,000 ","30,000 ","240,000,000 ",9.30 ,9.30 
505,06/12/2019,9.30 ,9.30 ,9.30 ,  ,"48,575 ","453,635,000 ",0 ,0 ,9.60 ,9.5 
506,05/12/2019,9.50 ,9.50 ,9.50 ,  ,"129,600 ","1,244,800,000 ","100,000 ","1,130,000,000 ",9.90 ,9.70 
507,04/12/2019,9.60 ,9.60 ,9.60 ,  ,"1,921,700 ","19,042,670,000 ",0 ,0 ,9.10 ,9.0 
508,03/12/2019,9.00 ,9.00 ,9.00 ,  ,"180,421 ","1,632,721,100 ",0 ,0 ,9.30 ,9.30 
509,02/12/2019,9.30 ,9.30 ,9.30 ,  ,"131,300 ","1,216,210,000 ","100,000 ","800,000,000 ",9.30 ,9.4 
510,29/11/2019,9.40 ,9.40 ,9.40 ,  ,"148,600 ","1,387,800,000 ","2,800,000 ","27,350,000,000 ",9.60 ,9.50 
511,28/11/2019,9.70 ,9.70 ,9.70 ,  ,"169,400 ","1,622,700,000 ",0 ,0 ,9.70 ,9.7 
512,27/11/2019,9.70 ,9.70 ,9.70 ,  ,"67,754 ","653,973,800 ","100,000 ","1,110,000,000 ",9.70 ,9.60 
513,26/11/2019,9.70 ,9.70 ,9.70 ,  ,"78,200 ","758,320,000 ",0 ,0 ,9.70 ,9.5 
514,25/11/2019,9.70 ,9.70 ,9.70 ,  ,"279,900 ","2,701,290,000 ",0 ,0 ,9.70 ,9.70 
515,22/11/2019,9.70 ,9.70 ,9.70 ,  ,"127,110 ","1,234,967,000 ",0 ,0 ,9.80 ,9.8 
516,21/11/2019,9.80 ,9.80 ,9.80 ,  ,"109,400 ","1,073,220,000 ",0 ,0 ,9.90 ,9.90 
517,20/11/2019,9.90 ,9.90 ,9.90 ,  ,"65,300 ","646,350,000 ",0 ,0 ,10.00 ,10.0 
518,19/11/2019,10.00 ,10.00 ,10.00 ,  ,"242,900 ","2,431,120,000 ",0 ,0 ,9.90 ,9.90 
519,18/11/2019,9.90 ,9.90 ,9.90 ,  ,"178,340 ","1,766,408,900 ",0 ,0 ,10.00 ,10.0 
520,15/11/2019,10.00 ,10.00 ,10.00 ,  ,"199,410 ","1,992,091,000 ",0 ,0 ,10.00 ,10.00 
521,14/11/2019,10.00 ,10.00 ,10.00 ,  ,"192,410 ","1,928,291,000 ",0 ,0 ,10.10 ,10.1 
522,13/11/2019,10.10 ,10.10 ,10.10 ,  ,"234,800 ","2,380,990,000 ",0 ,0 ,10.20 ,10.20 
523,12/11/2019,10.20 ,10.20 ,10.20 ,  ,"250,935 ","2,561,047,000 ",0 ,0 ,10.20 ,10.2 
524,11/11/2019,10.20 ,10.20 ,10.20 ,  ,"108,200 ","1,104,960,000 ",0 ,0 ,10.30 ,10.30 
525,08/11/2019,10.30 ,10.30 ,10.30 ,  ,"96,400 ","992,120,000 ",0 ,0 ,10.30 ,10.3 
526,07/11/2019,10.30 ,10.30 ,10.30 ,  ,"96,288 ","989,195,100 ",0 ,0 ,10.30 ,10.30 
527,06/11/2019,10.30 ,10.30 ,10.30 ,  ,"321,800 ","3,322,050,000 ",0 ,0 ,10.40 ,10.4 
528,05/11/2019,10.40 ,10.40 ,10.40 ,  ,"144,900 ","1,510,150,000 ",0 ,0 ,10.40 ,10.50 
529,04/11/2019,10.40 ,10.40 ,10.40 ,  ,"230,310 ","2,394,346,000 ",0 ,0 ,10.20 ,10.4 
530,01/11/2019,10.30 ,10.30 ,10.30 ,  ,"215,810 ","2,199,644,000 ",0 ,0 ,10.40 ,10.30 
531,31/10/2019,10.30 ,10.30 ,10.30 ,  ,"344,520 ","3,569,800,000 ",0 ,0 ,10.40 ,10.4 
532,30/10/2019,10.40 ,10.40 ,10.40 ,  ,"189,450 ","1,973,571,000 ",0 ,0 ,10.50 ,10.50 
533,29/10/2019,10.50 ,10.50 ,10.50 ,  ,"194,120 ","2,036,570,000 ",0 ,0 ,10.60 ,10.5 
534,28/10/2019,10.50 ,10.50 ,10.50 ,  ,"53,300 ","565,020,000 ",0 ,0 ,10.60 ,10.60 
535,25/10/2019,10.70 ,10.70 ,10.70 ,  ,"166,875 ","1,772,432,500 ","363,000 ","3,847,800,000 ",10.60 ,10.7 
536,24/10/2019,10.60 ,10.60 ,10.60 ,  ,"63,354 ","671,394,900 ",0 ,0 ,10.60 ,10.70 
537,23/10/2019,10.60 ,10.60 ,10.60 ,  ,"68,218 ","724,922,600 ",0 ,0 ,10.60 ,10.7 
538,22/10/2019,10.60 ,10.60 ,10.60 ,  ,"109,250 ","1,161,500,000 ","363,000 ","3,847,800,000 ",10.80 ,10.60 
539,21/10/2019,10.70 ,10.70 ,10.70 ,  ,"178,800 ","1,932,390,000 ",0 ,0 ,10.90 ,11.0 
540,18/10/2019,10.90 ,10.90 ,10.90 ,  ,"77,060 ","840,912,000 ","2,815,000 ","28,150,000,000 ",10.90 ,10.90 
541,17/10/2019,10.90 ,10.90 ,10.90 ,  ,"114,824 ","1,251,589,200 ",0 ,0 ,10.90 ,10.9 
542,16/10/2019,10.80 ,10.80 ,10.80 ,  ,"363,800 ","3,959,170,000 ",0 ,0 ,10.80 ,10.70 
543,15/10/2019,10.80 ,10.80 ,10.80 ,  ,"35,890 ","387,412,000 ",0 ,0 ,10.80 ,10.8 
544,14/10/2019,10.80 ,10.80 ,10.80 ,  ,"109,100 ","1,181,300,000 ",0 ,0 ,10.80 ,11.00 
545,11/10/2019,10.90 ,10.90 ,10.90 ,  ,"265,306 ","2,863,004,800 ",0 ,0 ,10.70 ,10.8 
546,10/10/2019,10.70 ,10.70 ,10.70 ,  ,"98,424 ","1,052,670,800 ",0 ,0 ,10.70 ,10.80 
547,09/10/2019,10.70 ,10.70 ,10.70 ,  ,"26,330 ","281,534,000 ",0 ,0 ,10.80 ,10.7 
548,08/10/2019,10.70 ,10.70 ,10.70 ,  ,"24,923 ","268,226,100 ",0 ,0 ,10.70 ,10.80 
549,07/10/2019,10.70 ,10.70 ,10.70 ,  ,"68,500 ","736,180,000 ",0 ,0 ,10.60 ,10.6 
550,04/10/2019,10.70 ,10.70 ,10.70 ,  ,"117,200 ","1,246,510,000 ",0 ,0 ,10.70 ,10.70 
551,03/10/2019,10.80 ,10.80 ,10.80 ,  ,"81,130 ","866,024,000 ",0 ,0 ,10.80 ,10.8 
552,02/10/2019,10.80 ,10.80 ,10.80 ,  ,"134,025 ","1,444,711,000 ",0 ,0 ,10.80 ,10.70 
553,01/10/2019,10.90 ,10.90 ,10.90 ,  ,"182,440 ","1,966,716,000 ",0 ,0 ,10.90 ,11.1 
554,30/09/2019,11.10 ,11.10 ,11.10 ,  ,"350,330 ","3,818,784,000 ",0 ,0 ,10.70 ,10.80 
555,27/09/2019,10.70 ,10.70 ,10.70 ,  ,"154,900 ","1,660,450,000 ",0 ,0 ,10.70 ,10.7 
556,26/09/2019,10.70 ,10.70 ,10.70 ,  ,"258,315 ","2,758,425,000 ",0 ,0 ,10.80 ,10.80 
557,25/09/2019,10.70 ,10.70 ,10.70 ,  ,"138,940 ","1,495,516,000 ",0 ,0 ,10.70 ,10.7 
558,24/09/2019,10.80 ,10.80 ,10.80 ,  ,"114,800 ","1,233,390,000 ","1,000,000 ","10,110,000,000 ",10.90 ,10.90 
559,23/09/2019,10.90 ,10.90 ,10.90 ,  ,"148,030 ","1,617,216,000 ",0 ,0 ,11.00 ,10.9 
560,20/09/2019,11.00 ,11.00 ,11.00 ,  ,"160,542 ","1,758,272,000 ",0 ,0 ,11.10 ,11.20 
561,19/09/2019,11.20 ,11.20 ,11.20 ,  ,"38,590 ","428,718,000 ","100,000 ","1,110,000,000 ",11.40 ,11.2 
562,18/09/2019,11.20 ,11.20 ,11.20 ,  ,"254,400 ","2,896,570,000 ","305,500 ","3,270,450,000 ",11.10 ,11.30 
563,17/09/2019,11.10 ,11.10 ,11.10 ,  ,"112,007 ","1,247,258,400 ",0 ,0 ,11.30 ,11.3 
564,16/09/2019,11.30 ,11.30 ,11.30 ,  ,"375,473 ","4,233,872,800 ",0 ,0 ,10.90 ,11.30 
565,13/09/2019,10.90 ,10.90 ,10.90 ,  ,"185,260 ","2,016,294,000 ","263,000 ","2,866,700,000 ",10.60 ,10.7 
566,12/09/2019,10.80 ,10.80 ,10.80 ,  ,"125,650 ","1,336,320,000 ","2,000,000 ","20,000,000,000 ",10.50 ,10.50 
567,11/09/2019,10.70 ,10.70 ,10.70 ,  ,"142,000 ","1,495,132,000 ",0 ,0 ,10.70 ,10.6 
568,10/09/2019,10.40 ,10.40 ,10.40 ,  ,"392,840 ","4,195,934,800 ","263,000 ","2,971,900,000 ",10.70 ,10.80 
569,09/09/2019,10.70 ,10.70 ,10.70 ,  ,"205,820 ","2,203,646,000 ",0 ,0 ,11.10 ,11.3 
570,06/09/2019,11.10 ,11.10 ,11.10 ,  ,"123,116 ","1,366,389,200 ",0 ,0 ,11.30 ,11.40 
571,05/09/2019,11.30 ,11.30 ,11.30 ,  ,"142,444 ","1,603,681,600 ","263,000 ","2,971,900,000 ",11.30 ,11.4 
572,04/09/2019,11.40 ,11.40 ,11.40 ,  ,"263,190 ","2,961,597,000 ",0 ,0 ,11.40 ,11.30 
573,03/09/2019,11.50 ,11.50 ,11.50 ,  ,"156,228 ","1,780,694,800 ",0 ,0 ,11.60 ,11.6 
574,30/08/2019,11.60 ,11.60 ,11.60 ,  ,"432,756 ","5,027,119,200 ",0 ,0 ,11.40 ,11.40 
575,29/08/2019,11.50 ,11.50 ,11.50 ,  ,"67,561 ","767,035,300 ",0 ,0 ,11.40 ,11.4 
576,28/08/2019,11.40 ,11.40 ,11.40 ,  ,"179,900 ","2,044,720,000 ","100,000 ","980,000,000 ",11.50 ,11.60 
577,27/08/2019,11.60 ,11.60 ,11.60 ,  ,"215,608 ","2,473,833,000 ",0 ,0 ,11.40 ,11.5 
578,26/08/2019,11.40 ,11.40 ,11.40 ,  ,"311,500 ","3,539,390,000 ",0 ,0 ,11.60 ,11.50 
579,23/08/2019,11.60 ,11.60 ,11.60 ,  ,"247,750 ","2,879,728,000 ",0 ,0 ,11.90 ,11.9 
580,22/08/2019,11.90 ,11.90 ,11.90 ,  ,"207,920 ","2,464,700,000 ",0 ,0 ,12.10 ,12.10 
581,21/08/2019,11.90 ,11.90 ,11.90 ,  ,"428,920 ","5,208,548,000 ","5,000 ","51,000,000 ",11.90 ,12.0 
582,20/08/2019,12.00 ,12.00 ,12.00 ,  ,"772,486 ","9,202,616,000 ",0 ,0 ,11.60 ,11.60 
583,19/08/2019,11.60 ,11.60 ,11.60 ,  ,"120,140 ","1,398,104,000 ",0 ,0 ,11.60 ,11.7 
584,16/08/2019,11.50 ,11.50 ,11.50 ,  ,"223,849 ","2,588,573,500 ",0 ,0 ,11.50 ,11.50 
585,15/08/2019,11.60 ,11.60 ,11.60 ,  ,"265,398 ","3,044,867,700 ",0 ,0 ,11.80 ,11.7 
586,14/08/2019,11.70 ,11.70 ,11.70 ,  ,"195,435 ","2,313,177,000 ",0 ,0 ,11.80 ,11.80 
587,13/08/2019,11.70 ,11.70 ,11.70 ,  ,"343,937 ","4,042,206,600 ",0 ,0 ,12.00 ,12.1 
588,12/08/2019,12.00 ,12.00 ,12.00 ,  ,"777,527 ","9,330,827,400 ",0 ,0 ,11.60 ,11.80 
589,09/08/2019,11.70 ,11.70 ,11.70 ,  ,"824,531 ","9,596,804,100 ",0 ,0 ,10.90 ,11.0 
590,08/08/2019,11.10 ,11.10 ,11.10 ,  ,"365,030 ","3,984,860,000 ",0 ,0 ,10.80 ,10.70 
591,07/08/2019,10.90 ,10.90 ,10.90 ,  ,"181,400 ","1,961,091,000 ",0 ,0 ,10.80 ,11.0 
592,06/08/2019,11.00 ,11.00 ,11.00 ,  ,"452,855 ","4,908,963,600 ",0 ,0 ,10.90 ,10.80 
593,05/08/2019,10.90 ,10.90 ,10.90 ,  ,"447,600 ","4,879,170,000 ",0 ,0 ,10.80 ,11.0 
594,02/08/2019,11.00 ,11.00 ,11.00 ,  ,"383,050 ","4,146,987,000 ",0 ,0 ,11.00 ,11.00 
595,01/08/2019,11.10 ,11.10 ,11.10 ,  ,"139,420 ","1,534,410,000 ",0 ,0 ,11.00 ,11.1 
596,31/07/2019,11.10 ,11.10 ,11.10 ,  ,"238,746 ","2,614,153,400 ",0 ,0 ,11.00 ,11.00 
597,30/07/2019,11.10 ,11.10 ,11.10 ,  ,"127,910 ","1,404,970,000 ",0 ,0 ,11.10 ,11.1 
598,29/07/2019,11.10 ,11.10 ,11.10 ,  ,"160,900 ","1,779,410,000 ",0 ,0 ,11.20 ,11.30 
599,26/07/2019,11.10 ,11.10 ,11.10 ,  ,"259,619 ","2,898,954,800 ",0 ,0 ,11.10 ,11.3 
600,25/07/2019,11.20 ,11.20 ,11.20 ,  ,"241,800 ","2,693,260,000 ",0 ,0 ,11.10 ,11.10 
601,24/07/2019,11.10 ,11.10 ,11.10 ,  ,"277,363 ","3,078,525,600 ",0 ,0 ,11.10 ,11.2 
602,23/07/2019,11.10 ,11.10 ,11.10 ,  ,"154,790 ","1,721,918,000 ",0 ,0 ,11.30 ,11.20 
603,22/07/2019,11.30 ,11.30 ,11.30 ,  ,"234,920 ","2,653,497,000 ",0 ,0 ,11.30 ,11.3 
604,19/07/2019,11.40 ,11.40 ,11.40 ,  ,"406,040 ","4,603,252,000 ",0 ,0 ,11.20 ,11.30 
605,18/07/2019,11.20 ,11.20 ,11.20 ,  ,"267,500 ","3,007,260,000 ",0 ,0 ,11.40 ,11.3 
606,17/07/2019,11.50 ,11.50 ,11.50 ,  ,"156,045 ","1,780,831,700 ","8,000 ","105,600,000 ",11.50 ,11.40 
607,16/07/2019,11.50 ,11.50 ,11.50 ,  ,"212,489 ","2,447,029,800 ",0 ,0 ,11.50 ,11.6 
608,15/07/2019,11.60 ,11.60 ,11.60 ,  ,"478,069 ","5,476,109,900 ","186,700 ","2,427,100,000 ",11.40 ,11.30 
609,12/07/2019,11.30 ,11.30 ,11.30 ,  ,"234,229 ","2,660,243,700 ","289,900 ","3,324,500,000 ",11.50 ,11.5 
610,11/07/2019,11.40 ,11.40 ,11.40 ,  ,"351,637 ","4,031,034,700 ",0 ,0 ,11.10 ,11.30 
611,10/07/2019,11.20 ,11.20 ,11.20 ,  ,"331,240 ","3,681,098,200 ",0 ,0 ,10.90 ,11.1 
612,09/07/2019,10.90 ,10.90 ,10.90 ,  ,"338,532 ","3,684,916,000 ","5,500 ","69,850,000 ",11.10 ,11.20 
613,08/07/2019,11.20 ,11.20 ,11.20 ,  ,"349,250 ","3,867,580,000 ",0 ,0 ,11.20 ,11.4 
614,05/07/2019,11.30 ,11.30 ,11.30 ,  ,"188,498 ","2,116,480,900 ",0 ,0 ,11.30 ,11.30 
615,04/07/2019,11.50 ,11.50 ,11.50 ,  ,"328,702 ","3,724,613,000 ","7,200 ","70,560,000 ",11.50 ,11.4 
616,03/07/2019,11.40 ,11.40 ,11.40 ,  ,"357,290 ","4,096,790,000 ","2,900 ","29,290,000 ",11.80 ,11.60 
617,02/07/2019,11.60 ,11.60 ,11.60 ,  ,"107,500 ","1,264,800,000 ",0 ,0 ,11.80 ,11.8 
618,01/07/2019,11.80 ,11.80 ,11.80 ,  ,"334,740 ","3,939,170,700 ","7,200 ","95,760,000 ",11.60 ,11.70 
619,28/06/2019,11.80 ,11.80 ,11.80 ,  ,"274,300 ","3,170,635,000 ","100,000 ","1,160,000,000 ",11.70 ,11.7 
620,27/06/2019,11.60 ,11.60 ,11.60 ,  ,"221,520 ","2,588,656,000 ",0 ,0 ,11.80 ,11.90 
621,26/06/2019,11.80 ,11.80 ,11.80 ,  ,"580,530 ","6,875,699,000 ","9,400 ","95,880,000 ",12.00 ,12.0 
622,25/06/2019,11.90 ,11.90 ,11.90 ,  ,"164,868 ","1,973,596,000 ","270,000 ","3,265,000,000 ",12.10 ,12.10 
623,24/06/2019,12.00 ,12.00 ,12.00 ,  ,"166,100 ","2,002,100,000 ",0 ,0 ,12.20 ,12.2 
624,21/06/2019,12.10 ,12.10 ,12.10 ,  ,"113,960 ","1,386,633,000 ","9,400 ","130,660,000 ",12.10 ,12.30 
625,20/06/2019,12.30 ,12.30 ,12.30 ,  ,"140,122 ","1,699,288,400 ",0 ,0 ,12.20 ,12.2 
626,19/06/2019,12.10 ,12.10 ,12.10 ,  ,"202,810 ","2,464,992,000 ","10,000 ","102,000,000 ",12.00 ,12.10 
627,18/06/2019,12.00 ,12.00 ,12.00 ,  ,"302,777 ","3,633,269,400 ","9,100 ","94,640,000 ",12.20 ,12.2 
628,17/06/2019,12.20 ,12.20 ,12.20 ,  ,"139,900 ","1,710,670,000 ",0 ,0 ,12.40 ,12.40 
629,14/06/2019,12.40 ,12.40 ,12.40 ,  ,"173,000 ","2,137,840,000 ",0 ,0 ,12.40 ,12.4 
630,13/06/2019,12.30 ,12.30 ,12.30 ,  ,"322,900 ","4,005,893,000 ","9,100 ","131,040,000 ",12.60 ,12.50 
631,12/06/2019,12.50 ,12.50 ,12.50 ,  ,"239,400 ","3,007,620,000 ",0 ,0 ,12.60 ,12.6 
632,11/06/2019,12.60 ,12.60 ,12.60 ,  ,"211,800 ","2,664,635,000 ",0 ,0 ,12.70 ,12.60 
633,10/06/2019,12.60 ,12.60 ,12.60 ,  ,"56,463 ","715,443,100 ","9,100 ","98,280,000 ",12.60 ,12.6 
634,07/06/2019,12.60 ,12.60 ,12.60 ,  ,"65,600 ","824,270,000 ",0 ,0 ,12.50 ,12.60 
635,06/06/2019,12.70 ,12.70 ,12.70 ,  ,"167,670 ","2,103,200,000 ",0 ,0 ,12.70 ,12.5 
636,05/06/2019,12.60 ,12.60 ,12.60 ,  ,"108,100 ","1,367,680,000 ","9,000 ","128,700,000 ",12.50 ,12.50 
637,04/06/2019,12.50 ,12.50 ,12.50 ,  ,"245,930 ","3,077,595,000 ",0 ,0 ,12.50 ,12.5 
638,03/06/2019,12.50 ,12.50 ,12.50 ,  ,"500,510 ","6,243,965,000 ",0 ,0 ,12.70 ,12.60 
639,31/05/2019,12.70 ,12.70 ,12.70 ,  ,"187,550 ","2,382,696,000 ","9,000 ","99,000,000 ",12.90 ,12.8 
640,30/05/2019,12.90 ,12.90 ,12.90 ,  ,"139,000 ","1,787,920,000 ",0 ,0 ,12.90 ,12.90 
641,29/05/2019,12.90 ,12.90 ,12.90 ,  ,"419,620 ","5,416,984,000 ",0 ,0 ,12.70 ,12.6 
642,28/05/2019,12.70 ,12.70 ,12.70 ,  ,"251,470 ","3,189,951,000 ","8,800 ","129,360,000 ",12.80 ,12.70 
643,27/05/2019,12.80 ,12.80 ,12.80 ,  ,"121,240 ","1,549,634,000 ",0 ,0 ,12.80 ,12.8 
644,24/05/2019,12.70 ,12.70 ,12.70 ,  ,"491,100 ","6,288,740,000 ",0 ,0 ,12.90 ,12.80 
645,23/05/2019,12.90 ,12.90 ,12.90 ,  ,"256,650 ","3,305,545,000 ","8,800 ","98,560,000 ",13.10 ,13.0 
646,22/05/2019,13.00 ,13.00 ,13.00 ,  ,"310,750 ","4,069,633,000 ",0 ,0 ,13.20 ,13.30 
647,21/05/2019,13.20 ,13.20 ,13.20 ,  ,"205,272 ","2,719,293,000 ",0 ,0 ,13.20 ,13.3 
648,20/05/2019,13.30 ,13.30 ,13.30 ,  ,"300,595 ","3,965,699,000 ","9,000 ","135,900,000 ",13.20 ,13.10 
649,17/05/2019,13.30 ,13.30 ,13.30 ,  ,"578,100 ","7,640,563,000 ",0 ,0 ,13.00 ,13.1 
650,16/05/2019,13.00 ,13.00 ,13.00 ,  ,"166,630 ","2,173,926,000 ",0 ,0 ,13.20 ,13.20 
651,15/05/2019,13.20 ,13.20 ,13.20 ,  ,"254,890 ","3,354,384,500 ","9,000 ","99,000,000 ",12.90 ,13.1 
652,14/05/2019,13.30 ,13.30 ,13.30 ,  ,"789,110 ","10,214,747,000 ",0 ,0 ,12.60 ,12.60 
653,13/05/2019,12.60 ,12.60 ,12.60 ,  ,"209,530 ","2,638,758,000 ",0 ,0 ,12.50 ,12.7 
654,10/05/2019,12.70 ,12.70 ,12.70 ,  ,"262,060 ","3,285,357,000 ","22,500 ","265,500,000 ",12.40 ,12.50 
655,09/05/2019,12.50 ,12.50 ,12.50 ,  ,"156,900 ","1,951,770,000 ","10,000 ","143,000,000 ",12.50 ,12.5 
656,08/05/2019,12.60 ,12.60 ,12.60 ,  ,"446,125 ","5,584,875,000 ",0 ,0 ,12.80 ,12.70 
657,07/05/2019,12.70 ,12.70 ,12.70 ,  ,"147,270 ","1,884,025,000 ","7,500 ","110,250,000 ",12.80 ,12.6 
658,06/05/2019,12.70 ,12.70 ,12.70 ,  ,"383,350 ","4,891,654,000 ",0 ,0 ,13.10 ,13.20 
659,03/05/2019,13.10 ,13.10 ,13.10 ,  ,"169,330 ","2,209,903,000 ","9,000 ","135,900,000 ",13.20 ,13.1 
660,02/05/2019,13.10 ,13.10 ,13.10 ,  ,"172,470 ","2,275,316,000 ","7,500 ","113,250,000 ",13.20 ,13.30 
661,26/04/2019,13.30 ,13.30 ,13.30 ,  ,"314,900 ","4,160,550,000 ",0 ,0 ,13.20 ,13.1 
662,25/04/2019,13.10 ,13.10 ,13.10 ,  ,"261,940 ","3,462,874,000 ",0 ,0 ,13.00 ,13.30 
663,24/04/2019,13.20 ,13.20 ,13.20 ,  ,"385,927 ","5,031,698,400 ",0 ,0 ,12.90 ,12.9 
664,23/04/2019,13.00 ,13.00 ,13.00 ,  ,"304,920 ","3,932,448,000 ",0 ,0 ,13.00 ,13.00 
665,22/04/2019,13.00 ,13.00 ,13.00 ,  ,"235,470 ","3,052,904,000 ","5,000 ","75,000,000 ",13.10 ,13.2 
666,19/04/2019,13.10 ,13.10 ,13.10 ,  ,"122,860 ","1,605,676,000 ",0 ,0 ,13.00 ,13.00 
667,18/04/2019,12.90 ,12.90 ,12.90 ,  ,"503,139 ","6,525,324,800 ",0 ,0 ,13.30 ,13.4 
668,17/04/2019,13.20 ,13.20 ,13.20 ,  ,"178,259 ","2,370,944,700 ",0 ,0 ,13.30 ,13.40 
669,16/04/2019,13.40 ,13.40 ,13.40 ,  ,"237,030 ","3,161,701,000 ",0 ,0 ,13.50 ,13.5 
670,12/04/2019,13.60 ,13.60 ,13.60 ,  ,"296,170 ","4,004,152,000 ",0 ,0 ,13.60 ,13.50 
671,11/04/2019,13.60 ,13.60 ,13.60 ,  ,"343,530 ","4,672,271,000 ",0 ,0 ,13.60 ,13.6 
672,10/04/2019,13.60 ,13.60 ,13.60 ,  ,"195,450 ","2,665,662,000 ",0 ,0 ,13.90 ,13.90 
673,09/04/2019,13.90 ,13.90 ,13.90 ,  ,"243,800 ","3,386,590,000 ",0 ,0 ,13.90 ,14.0 
674,08/04/2019,14.00 ,14.00 ,14.00 ,  ,"202,270 ","2,816,588,000 ",0 ,0 ,13.80 ,13.90 
675,05/04/2019,13.90 ,13.90 ,13.90 ,  ,"240,550 ","3,323,785,000 ",0 ,0 ,13.90 ,13.9 
676,04/04/2019,13.80 ,13.80 ,13.80 ,  ,"224,400 ","3,109,450,000 ",0 ,0 ,13.70 ,13.80 
677,03/04/2019,13.80 ,13.80 ,13.80 ,  ,"221,997 ","3,047,287,700 ",0 ,0 ,13.80 ,13.8 
678,02/04/2019,13.70 ,13.70 ,13.70 ,  ,"422,600 ","5,815,210,000 ",0 ,0 ,13.70 ,13.70 
679,01/04/2019,13.70 ,13.70 ,13.70 ,  ,"175,730 ","2,398,681,000 ",0 ,0 ,13.60 ,13.7 
680,29/03/2019,13.50 ,13.50 ,13.50 ,  ,"482,010 ","6,548,200,000 ",0 ,0 ,13.70 ,13.80 
681,28/03/2019,13.70 ,13.70 ,13.70 ,  ,"372,700 ","5,116,490,000 ",0 ,0 ,13.90 ,13.8 
682,27/03/2019,13.90 ,13.90 ,13.90 ,  ,"160,000 ","2,220,450,000 ",0 ,0 ,13.70 ,13.80 
683,26/03/2019,13.80 ,13.80 ,13.80 ,  ,"126,450 ","1,736,205,000 ",0 ,0 ,13.60 ,13.7 
684,25/03/2019,13.70 ,13.70 ,13.70 ,  ,"572,100 ","7,765,530,000 ",0 ,0 ,13.90 ,13.80 
685,22/03/2019,14.00 ,14.00 ,14.00 ,  ,"516,581 ","7,199,875,500 ",0 ,0 ,14.20 ,14.1 
686,21/03/2019,14.10 ,14.10 ,14.10 ,  ,"423,310 ","6,027,695,000 ",0 ,0 ,14.20 ,14.30 
687,20/03/2019,14.20 ,14.20 ,14.20 ,  ,"288,670 ","4,096,813,000 ",0 ,0 ,14.30 ,14.2 
688,19/03/2019,14.30 ,14.30 ,14.30 ,  ,"526,600 ","7,545,500,000 ",0 ,0 ,14.40 ,14.40 
689,18/03/2019,14.40 ,14.40 ,14.40 ,  ,"293,745 ","4,227,038,500 ",0 ,0 ,14.40 ,14.4 
690,15/03/2019,14.50 ,14.50 ,14.50 ,  ,"355,115 ","5,119,979,000 ",0 ,0 ,14.50 ,14.50 
691,14/03/2019,14.60 ,14.60 ,14.60 ,  ,"267,379 ","3,886,377,800 ",0 ,0 ,14.50 ,14.5 
692,13/03/2019,14.50 ,14.50 ,14.50 ,  ,"320,590 ","4,633,713,000 ",0 ,0 ,14.40 ,14.40 
693,12/03/2019,14.40 ,14.40 ,14.40 ,  ,"369,320 ","5,306,208,000 ",0 ,0 ,14.40 ,14.4 
694,11/03/2019,14.30 ,14.30 ,14.30 ,  ,"452,600 ","6,499,300,000 ",0 ,0 ,14.50 ,14.50 
695,08/03/2019,14.40 ,14.40 ,14.40 ,  ,"497,700 ","7,198,260,000 ",0 ,0 ,14.70 ,14.7 
696,07/03/2019,14.70 ,14.70 ,14.70 ,  ,"332,828 ","4,899,192,400 ",0 ,0 ,14.70 ,14.80 
697,06/03/2019,14.90 ,14.90 ,14.90 ,  ,"273,663 ","4,036,376,100 ",0 ,0 ,14.90 ,14.9 
698,05/03/2019,14.80 ,14.80 ,14.80 ,  ,"779,496 ","11,600,022,200 ",0 ,0 ,14.80 ,14.90 
699,04/03/2019,14.90 ,14.90 ,14.90 ,  ,"428,966 ","6,360,840,200 ",0 ,0 ,14.60 ,14.8 
700,01/03/2019,14.70 ,14.70 ,14.70 ,  ,"128,783 ","1,875,023,200 ",0 ,0 ,14.50 ,14.30 
701,28/02/2019,14.30 ,14.30 ,14.30 ,  ,"291,769 ","4,221,219,900 ",0 ,0 ,14.40 ,14.4 
702,27/02/2019,14.40 ,14.40 ,14.40 ,  ,"520,697 ","7,508,904,700 ",0 ,0 ,14.50 ,14.50 
703,26/02/2019,14.50 ,14.50 ,14.50 ,  ,"516,330 ","7,501,805,700 ","160,800 ","2,407,680,000 ",14.90 ,14.8 
704,25/02/2019,14.90 ,14.90 ,14.90 ,  ,"633,580 ","9,420,949,000 ","56,000 ","723,200,000 ",14.90 ,14.90 
705,22/02/2019,15.00 ,15.00 ,15.00 ,  ,"391,120 ","5,823,413,300 ",0 ,0 ,14.90 ,14.9 
706,21/02/2019,14.90 ,14.90 ,14.90 ,  ,"254,225 ","3,790,255,000 ",0 ,0 ,15.00 ,15.00 
707,20/02/2019,14.90 ,14.90 ,14.90 ,  ,"358,020 ","5,376,042,000 ","10,000 ","174,000,000 ",15.20 ,15.2 
708,19/02/2019,15.10 ,15.10 ,15.10 ,  ,"1,235,633 ","18,737,080,700 ",0 ,0 ,14.90 ,15.00 
709,18/02/2019,14.90 ,14.90 ,14.90 ,  ,"686,725 ","10,206,601,700 ",0 ,0 ,14.80 ,14.8 
710,15/02/2019,14.80 ,14.80 ,14.80 ,  ,"232,130 ","3,440,332,000 ",0 ,0 ,14.80 ,14.80 
711,14/02/2019,14.80 ,14.80 ,14.80 ,  ,"255,110 ","3,788,070,900 ",0 ,0 ,14.80 ,14.8 
712,13/02/2019,14.90 ,14.90 ,14.90 ,  ,"381,387 ","5,648,180,000 ",0 ,0 ,14.90 ,15.00 
713,12/02/2019,14.90 ,14.90 ,14.90 ,  ,"416,726 ","6,192,979,200 ",0 ,0 ,14.70 ,14.9 
714,11/02/2019,14.90 ,14.90 ,14.90 ,  ,"540,605 ","7,934,713,000 ",0 ,0 ,14.30 ,14.30 
715,01/02/2019,14.30 ,14.30 ,14.30 ,  ,"146,830 ","2,095,031,000 ",0 ,0 ,14.20 ,14.2 
716,31/01/2019,14.30 ,14.30 ,14.30 ,  ,"318,123 ","4,526,769,400 ","5,000 ","68,500,000 ",14.00 ,14.10 
717,30/01/2019,14.20 ,14.20 ,14.20 ,  ,"421,253 ","5,901,772,300 ",0 ,0 ,13.70 ,13.7 
718,29/01/2019,13.70 ,13.70 ,13.70 ,  ,"104,220 ","1,424,350,000 ","730,000 ","10,731,000,000 ",13.70 ,13.70 
719,28/01/2019,13.80 ,13.80 ,13.80 ,  ,"131,800 ","1,810,160,000 ",0 ,0 ,13.70 ,13.7 
720,25/01/2019,13.70 ,13.70 ,13.70 ,  ,"114,185 ","1,562,288,000 ",0 ,0 ,13.60 ,13.80 
721,24/01/2019,13.80 ,13.80 ,13.80 ,  ,"152,971 ","2,084,280,600 ","730,000 ","10,731,000,000 ",13.60 ,13.5 
722,23/01/2019,13.60 ,13.60 ,13.60 ,  ,"215,440 ","2,934,186,000 ",0 ,0 ,13.80 ,13.60 
723,22/01/2019,13.70 ,13.70 ,13.70 ,  ,"162,470 ","2,234,672,000 ",0 ,0 ,13.80 ,13.8 
724,21/01/2019,13.70 ,13.70 ,13.70 ,  ,"448,450 ","6,168,600,000 ",0 ,0 ,13.90 ,13.90 
725,18/01/2019,13.90 ,13.90 ,13.90 ,  ,"196,260 ","2,736,674,000 ",0 ,0 ,14.10 ,14.1 
726,17/01/2019,14.00 ,14.00 ,14.00 ,  ,"279,040 ","3,928,488,000 ",0 ,0 ,14.30 ,14.30 
727,16/01/2019,14.20 ,14.20 ,14.20 ,  ,"113,300 ","1,618,130,000 ",0 ,0 ,14.20 ,14.4 
728,15/01/2019,14.30 ,14.30 ,14.30 ,  ,"125,800 ","1,786,700,000 ",0 ,0 ,14.20 ,14.20 
729,14/01/2019,14.10 ,14.10 ,14.10 ,  ,"136,700 ","1,942,310,000 ",0 ,0 ,14.50 ,14.5 
730,11/01/2019,14.60 ,14.60 ,14.60 ,  ,"237,600 ","3,440,600,000 ",0 ,0 ,14.30 ,14.30 
731,10/01/2019,14.20 ,14.20 ,14.20 ,  ,"162,730 ","2,327,000,000 ",0 ,0 ,14.30 ,14.4 
732,09/01/2019,14.20 ,14.20 ,14.20 ,  ,"136,360 ","1,949,000,000 ",0 ,0 ,14.20 ,14.20 
733,08/01/2019,14.20 ,14.20 ,14.20 ,  ,"99,742 ","1,420,820,600 ",0 ,0 ,14.30 ,14.3 
734,07/01/2019,14.20 ,14.20 ,14.20 ,  ,"146,000 ","2,093,970,000 ",0 ,0 ,14.20 ,14.50 
735,04/01/2019,14.40 ,14.40 ,14.40 ,  ,"450,360 ","6,374,923,000 ",0 ,0 ,14.40 ,14.1 
736,03/01/2019,14.30 ,14.30 ,14.30 ,  ,"250,330 ","3,600,930,000 ",0 ,0 ,14.90 ,14.60 
737,02/01/2019,14.60 ,14.60 ,14.60 ,  ,"248,910 ","3,702,594,000 ",0 ,0 ,16.30 ,15.2 
738,28/12/2018,15.10 ,15.10 ,15.10 ,  ,"3,687,500 ","60,132,713,000 ","250,000 ","3,125,000,000 ",14.70 ,14.80 
739,27/12/2018,14.50 ,14.50 ,14.50 ,  ,"678,370 ","9,947,769,000 ",0 ,0 ,14.30 ,14.8 
740,26/12/2018,14.40 ,14.40 ,14.40 ,  ,"447,700 ","6,423,450,000 ",0 ,0 ,14.10 ,16.00 
741,25/12/2018,14.10 ,14.10 ,14.10 ,  ,"455,090 ","6,415,895,000 ","250,000 ","4,250,000,000 ",14.80 ,14.9 
742,24/12/2018,14.60 ,14.60 ,14.60 ,  ,"321,920 ","4,753,917,000 ",0 ,0 ,14.70 ,14.40 
743,21/12/2018,14.70 ,14.70 ,14.70 ,  ,"338,030 ","4,957,465,000 ",0 ,0 ,14.80 ,14.7 
744,20/12/2018,14.80 ,14.80 ,14.80 ,  ,"469,500 ","6,925,080,000 ","250,000 ","3,125,000,000 ",14.60 ,14.80 
745,19/12/2018,14.60 ,14.60 ,14.60 ,  ,"328,500 ","4,791,180,000 ",0 ,0 ,14.50 ,14.4 
746,18/12/2018,14.40 ,14.40 ,14.40 ,  ,"455,510 ","6,600,452,000 ",0 ,0 ,15.10 ,14.50 
747,17/12/2018,15.00 ,15.00 ,15.00 ,  ,"424,470 ","6,418,644,000 ","250,000 ","4,450,000,000 ",15.50 ,15.7 
748,14/12/2018,15.50 ,15.50 ,15.50 ,  ,"636,646 ","9,877,033,000 ",0 ,0 ,15.50 ,15.50 
749,13/12/2018,15.40 ,15.40 ,15.40 ,  ,"506,040 ","7,827,915,000 ",0 ,0 ,15.40 ,15.7 
750,12/12/2018,15.50 ,15.50 ,15.50 ,  ,"1,131,791 ","17,430,487,900 ",0 ,0 ,15.00 ,15.30 
751,11/12/2018,15.10 ,15.10 ,15.10 ,  ,"595,404 ","8,917,559,800 ",0 ,0 ,15.20 ,15.1 
752,10/12/2018,15.20 ,15.20 ,15.20 ,  ,"559,830 ","8,534,927,000 ",0 ,0 ,15.40 ,15.40 
753,07/12/2018,15.40 ,15.40 ,15.40 ,  ,"432,500 ","6,655,645,000 ",0 ,0 ,15.30 ,15.3 
754,06/12/2018,15.30 ,15.30 ,15.30 ,  ,"1,476,171 ","22,598,175,400 ","35,000 ","577,500,000 ",14.80 ,15.00 
755,05/12/2018,15.00 ,15.00 ,15.00 ,  ,"1,176,816 ","17,373,452,800 ",0 ,0 ,14.50 ,14.5 
756,04/12/2018,14.50 ,14.50 ,14.50 ,  ,"509,660 ","7,367,517,000 ","30,000 ","492,000,000 ",14.40 ,14.50 
757,03/12/2018,14.50 ,14.50 ,14.50 ,  ,"469,178 ","6,736,705,600 ","11,000 ","154,000,000 ",13.90 ,14.0 
758,30/11/2018,14.00 ,14.00 ,14.00 ,  ,"123,286 ","1,711,756,800 ",0 ,0 ,14.00 ,14.00 
759,29/11/2018,13.90 ,13.90 ,13.90 ,  ,"211,530 ","2,965,892,000 ","100,000 ","1,500,000,000 ",14.10 ,14.3 
760,28/11/2018,14.20 ,14.20 ,14.20 ,  ,"396,610 ","5,575,249,600 ","250,000 ","3,000,000,000 ",14.10 ,14.10 
761,27/11/2018,14.00 ,14.00 ,14.00 ,  ,"663,630 ","9,359,573,000 ",0 ,0 ,13.80 ,14.0 
762,26/11/2018,13.90 ,13.90 ,13.90 ,  ,"482,310 ","6,645,829,000 ","25,000 ","295,000,000 ",13.80 ,13.60 
763,23/11/2018,13.80 ,13.80 ,13.80 ,  ,"207,410 ","2,860,169,000 ","250,000 ","3,950,000,000 ",13.80 ,13.9 
764,22/11/2018,13.80 ,13.80 ,13.80 ,  ,"336,500 ","4,639,420,000 ","200,000 ","3,000,000,000 ",13.60 ,13.70 
765,21/11/2018,13.70 ,13.70 ,13.70 ,  ,"372,900 ","5,058,950,000 ",0 ,0 ,13.70 ,13.6 
766,20/11/2018,13.80 ,13.80 ,13.80 ,  ,"230,640 ","3,154,408,000 ","250,000 ","2,925,000,000 ",13.70 ,13.70 
767,19/11/2018,13.90 ,13.90 ,13.90 ,  ,"449,250 ","6,168,696,000 ",0 ,0 ,13.40 ,13.7 
768,16/11/2018,13.50 ,13.50 ,13.50 ,  ,"870,721 ","11,685,091,400 ",0 ,0 ,13.40 ,13.30 
769,15/11/2018,13.40 ,13.40 ,13.40 ,  ,"381,300 ","5,096,040,000 ","250,000 ","3,875,000,000 ",13.50 ,13.5 
770,14/11/2018,13.40 ,13.40 ,13.40 ,  ,"456,800 ","6,149,254,000 ",0 ,0 ,13.70 ,13.50 
771,13/11/2018,13.80 ,13.80 ,13.80 ,  ,"287,300 ","3,940,190,000 ","3,552,500 ","56,129,500,000 ",13.90 ,13.8 
772,12/11/2018,13.80 ,13.80 ,13.80 ,  ,"237,900 ","3,296,920,000 ",0 ,0 ,13.90 ,13.80 
773,09/11/2018,13.90 ,13.90 ,13.90 ,  ,"422,500 ","5,863,850,000 ","645,300 ","9,043,860,000 ",14.10 ,14.1 
774,08/11/2018,14.10 ,14.10 ,14.10 ,  ,"567,810 ","7,981,152,000 ",0 ,0 ,14.00 ,14.20 
775,07/11/2018,13.90 ,13.90 ,13.90 ,  ,"309,600 ","4,336,730,000 ",0 ,0 ,14.10 ,14.0 
776,06/11/2018,14.20 ,14.20 ,14.20 ,  ,"522,830 ","7,376,143,000 ","345,300 ","4,543,860,000 ",14.10 ,14.30 
777,05/11/2018,14.10 ,14.10 ,14.10 ,  ,"404,230 ","5,689,249,000 ",0 ,0 ,14.30 ,14.4 
778,02/11/2018,14.20 ,14.20 ,14.20 ,  ,"538,920 ","7,703,834,000 ","40,000 ","652,000,000 ",14.20 ,14.20 
779,01/11/2018,14.20 ,14.20 ,14.20 ,  ,"348,188 ","4,952,346,200 ",0 ,0 ,14.40 ,14.4 
780,31/10/2018,14.40 ,14.40 ,14.40 ,  ,"537,870 ","7,727,790,000 ",0 ,0 ,14.10 ,14.20 
781,30/10/2018,14.10 ,14.10 ,14.10 ,  ,"265,700 ","3,736,533,000 ","354,300 ","4,251,600,000 ",14.10 ,14.0 
782,29/10/2018,14.00 ,14.00 ,14.00 ,  ,"273,190 ","3,855,299,000 ",0 ,0 ,14.20 ,14.20 
783,26/10/2018,14.20 ,14.20 ,14.20 ,  ,"750,800 ","10,685,884,000 ",0 ,0 ,13.70 ,14.0 
784,25/10/2018,14.00 ,14.00 ,14.00 ,  ,"863,295 ","11,844,566,500 ",0 ,0 ,14.40 ,13.90 
785,24/10/2018,14.10 ,14.10 ,14.10 ,  ,"990,514 ","14,293,632,000 ",0 ,0 ,14.70 ,14.7 
786,23/10/2018,14.80 ,14.80 ,14.80 ,  ,"553,120 ","8,157,670,000 ",0 ,0 ,15.00 ,14.90 
787,22/10/2018,14.90 ,14.90 ,14.90 ,  ,"310,814 ","4,651,767,900 ",0 ,0 ,14.80 ,15.0 
788,19/10/2018,14.90 ,14.90 ,14.90 ,  ,"341,105 ","5,059,775,000 ",0 ,0 ,15.10 ,14.80 
789,18/10/2018,15.10 ,15.10 ,15.10 ,  ,"300,430 ","4,539,017,000 ",0 ,0 ,15.30 ,15.1 
790,17/10/2018,15.40 ,15.40 ,15.40 ,  ,"394,571 ","6,032,386,300 ",0 ,0 ,15.00 ,15.50 
791,16/10/2018,15.00 ,15.00 ,15.00 ,  ,"430,200 ","6,444,048,000 ",0 ,0 ,15.00 ,14.8 
792,15/10/2018,14.80 ,14.80 ,14.80 ,  ,"709,208 ","10,660,642,000 ",0 ,0 ,15.20 ,15.20 
793,12/10/2018,15.40 ,15.40 ,15.40 ,  ,"1,095,021 ","16,616,290,800 ",0 ,0 ,15.00 ,14.8 
794,11/10/2018,14.70 ,14.70 ,14.70 ,  ,"2,843,928 ","42,661,409,400 ",0 ,0 ,16.40 ,16.10 
795,10/10/2018,16.40 ,16.40 ,16.40 ,  ,"446,315 ","7,300,884,000 ",0 ,0 ,16.40 ,16.4 
796,09/10/2018,16.40 ,16.40 ,16.40 ,  ,"593,670 ","9,742,188,000 ",0 ,0 ,16.30 ,16.00 
797,08/10/2018,16.20 ,16.20 ,16.20 ,  ,"1,344,119 ","21,914,100,500 ",0 ,0 ,17.00 ,16.8 
798,05/10/2018,16.90 ,16.90 ,16.90 ,  ,"1,003,434 ","17,056,093,900 ",0 ,0 ,17.50 ,17.30 
799,04/10/2018,17.50 ,17.50 ,17.50 ,  ,"1,593,389 ","27,881,996,300 ",0 ,0 ,17.10 ,17.2 
800,03/10/2018,17.40 ,17.40 ,17.40 ,  ,"774,390 ","13,256,251,000 ","50,000 ","860,000,000 ",17.30 ,17.30 
801,02/10/2018,17.20 ,17.20 ,17.20 ,  ,"1,501,085 ","25,943,072,300 ","50,569,007 ","905,185,225,300 ",17.20 ,17.1 
802,01/10/2018,17.10 ,17.10 ,17.10 ,  ,"1,600,244 ","27,463,963,200 ",0 ,0 ,16.90 ,16.90 
803,28/09/2018,16.70 ,16.70 ,16.70 ,  ,"1,593,169 ","26,982,647,000 ",0 ,0 ,16.90 ,17.0 
804,27/09/2018,17.00 ,17.00 ,17.00 ,  ,"2,057,913 ","34,784,019,700 ",0 ,0 ,17.10 ,16.60 
805,26/09/2018,16.70 ,16.70 ,16.70 ,  ,"2,063,192 ","35,331,854,700 ",0 ,0 ,17.10 ,17.2 
806,25/09/2018,17.20 ,17.20 ,17.20 ,  ,"2,650,811 ","45,262,955,800 ",0 ,0 ,16.40 ,16.50 
807,24/09/2018,16.50 ,16.50 ,16.50 ,  ,"1,277,062 ","20,887,564,600 ",0 ,0 ,16.30 ,16.3 
808,21/09/2018,16.40 ,16.40 ,16.40 ,  ,"2,264,836 ","36,804,704,200 ","5,000 ","68,000,000 ",16.00 ,16.40 
809,20/09/2018,16.40 ,16.40 ,16.40 ,  ,"3,155,892 ","50,368,773,900 ",0 ,0 ,15.30 ,15.3 
810,19/09/2018,15.30 ,15.30 ,15.30 ,  ,"2,368,584 ","36,234,507,600 ",0 ,0 ,14.70 ,14.90 
811,18/09/2018,14.80 ,14.80 ,14.80 ,  ,"676,105 ","9,930,570,400 ",500 ,"6,250,000 ",14.70 ,14.6 
812,17/09/2018,14.60 ,14.60 ,14.60 ,  ,"502,346 ","7,372,146,200 ",0 ,0 ,14.70 ,14.80 
813,14/09/2018,14.80 ,14.80 ,14.80 ,  ,"582,168 ","8,581,521,100 ","60,000 ","906,000,000 ",15.00 ,14.8 
814,13/09/2018,14.80 ,14.80 ,14.80 ,  ,"682,756 ","10,223,982,800 ","30,000 ","456,000,000 ",15.00 ,15.10 
815,12/09/2018,15.10 ,15.10 ,15.10 ,  ,"1,779,640 ","26,730,599,000 ","315,020 ","4,830,750,000 ",14.70 ,14.9 
816,11/09/2018,14.80 ,14.80 ,14.80 ,  ,"1,333,860 ","19,591,222,000 ","245,000 ","3,724,000,000 ",14.30 ,14.30 
817,10/09/2018,14.20 ,14.20 ,14.20 ,  ,"411,100 ","5,861,838,300 ","30,000 ","486,000,000 ",14.10 ,14.2 
818,07/09/2018,14.20 ,14.20 ,14.20 ,  ,"273,411 ","3,856,185,200 ",0 ,0 ,14.10 ,14.00 
819,06/09/2018,14.10 ,14.10 ,14.10 ,  ,"500,300 ","7,038,670,000 ",0 ,0 ,14.20 ,14.1 
820,05/09/2018,14.20 ,14.20 ,14.20 ,  ,"530,400 ","7,539,290,000 ","140,000 ","2,114,000,000 ",14.50 ,14.40 
821,04/09/2018,14.40 ,14.40 ,14.40 ,  ,"1,087,320 ","15,721,800,000 ","130,000 ","1,625,000,000 ",14.60 ,14.6 
822,31/08/2018,14.50 ,14.50 ,14.50 ,  ,"935,083 ","13,673,956,100 ","30,000 ","495,000,000 ",14.40 ,14.50 
823,30/08/2018,14.40 ,14.40 ,14.40 ,  ,"602,722 ","8,691,588,500 ",1 ,"12,400 ",14.50 ,14.6 
824,29/08/2018,14.40 ,14.40 ,14.40 ,  ,"755,452 ","10,929,833,900 ",0 ,0 ,14.30 ,14.30 
825,28/08/2018,14.20 ,14.20 ,14.20 ,  ,"408,180 ","5,828,996,000 ",0 ,0 ,14.40 ,14.2 
826,27/08/2018,14.50 ,14.50 ,14.50 ,  ,"641,100 ","9,246,940,000 ","142,000 ","2,328,800,000 ",14.30 ,14.50 
827,24/08/2018,14.40 ,14.40 ,14.40 ,  ,"347,700 ","4,961,990,000 ",0 ,0 ,14.40 ,14.4 
828,23/08/2018,14.40 ,14.40 ,14.40 ,  ,"609,720 ","8,780,080,000 ","70,000 ","1,036,000,000 ",14.50 ,14.80 
829,22/08/2018,14.50 ,14.50 ,14.50 ,  ,"727,120 ","10,543,356,000 ","180,000 ","2,749,000,000 ",14.40 ,14.4 
830,21/08/2018,14.40 ,14.40 ,14.40 ,  ,"701,207 ","10,077,265,800 ",0 ,0 ,14.30 ,14.30 
831,20/08/2018,14.30 ,14.30 ,14.30 ,  ,"627,460 ","8,981,634,000 ",0 ,0 ,14.50 ,14.5 
832,17/08/2018,14.40 ,14.40 ,14.40 ,  ,"442,867 ","6,407,839,500 ",0 ,0 ,14.30 ,14.80 
833,16/08/2018,14.70 ,14.70 ,14.70 ,  ,"917,160 ","13,152,800,000 ",0 ,0 ,14.70 ,14.4 
834,15/08/2018,14.40 ,14.40 ,14.40 ,  ,"1,047,749 ","15,432,227,700 ","50,000 ","775,000,000 ",15.20 ,15.10 
835,14/08/2018,15.20 ,15.20 ,15.20 ,  ,"963,436 ","14,656,969,000 ",0 ,0 ,15.60 ,16.4 
836,13/08/2018,15.40 ,15.40 ,15.40 ,  ,"657,311 ","10,248,385,400 ","10,000 ","133,000,000 ",15.60 ,15.50 
837,10/08/2018,15.70 ,15.70 ,15.70 ,  ,"603,700 ","9,391,860,000 ","35,000 ","637,000,000 ",15.90 ,15.7 
838,09/08/2018,15.80 ,15.80 ,15.80 ,  ,"1,248,010 ","19,822,714,500 ",0 ,0 ,15.60 ,15.60 
839,08/08/2018,15.70 ,15.70 ,15.70 ,  ,"676,275 ","10,517,652,500 ",0 ,0 ,15.50 ,15.4 
840,07/08/2018,15.30 ,15.30 ,15.30 ,  ,"634,671 ","9,854,240,500 ",0 ,0 ,16.00 ,16.00 
841,06/08/2018,15.80 ,15.80 ,15.80 ,  ,"880,200 ","14,072,834,000 ",0 ,0 ,15.90 ,16.5 
842,03/08/2018,16.00 ,16.00 ,16.00 ,  ,"2,487,957 ","39,449,343,000 ",0 ,0 ,14.90 ,15.30 
843,02/08/2018,14.90 ,14.90 ,14.90 ,  ,"520,180 ","7,729,592,400 ",0 ,0 ,15.10 ,14.9 
844,01/08/2018,15.10 ,15.10 ,15.10 ,  ,"623,220 ","9,425,586,000 ",0 ,0 ,15.20 ,15.20 
845,31/07/2018,14.70 ,14.70 ,14.70 ,  ,"1,099,693 ","16,739,156,000 ",0 ,0 ,14.40 ,14.7 
846,30/07/2018,14.70 ,14.70 ,14.70 ,  ,"819,776 ","11,813,168,000 ",0 ,0 ,14.10 ,14.40 
847,27/07/2018,14.20 ,14.20 ,14.20 ,  ,"287,700 ","4,049,730,000 ",0 ,0 ,13.90 ,14.0 
848,26/07/2018,14.10 ,14.10 ,14.10 ,  ,"156,420 ","2,177,732,000 ",0 ,0 ,14.00 ,14.00 
849,25/07/2018,14.00 ,14.00 ,14.00 ,  ,"336,737 ","4,725,320,500 ",0 ,0 ,13.90 ,14.1 
850,24/07/2018,14.00 ,14.00 ,14.00 ,  ,"533,270 ","7,386,347,200 ",0 ,0 ,14.40 ,14.30 
851,23/07/2018,14.20 ,14.20 ,14.20 ,  ,"398,420 ","5,727,476,000 ",0 ,0 ,14.60 ,14.6 
852,20/07/2018,14.70 ,14.70 ,14.70 ,  ,"362,225 ","5,293,292,500 ",0 ,0 ,14.40 ,14.50 
853,19/07/2018,14.60 ,14.60 ,14.60 ,  ,"1,283,930 ","18,532,618,000 ",0 ,0 ,13.50 ,14.0 
854,18/07/2018,13.50 ,13.50 ,13.50 ,  ,"958,165 ","12,968,920,500 ",0 ,0 ,13.40 ,13.80 
855,17/07/2018,13.50 ,13.50 ,13.50 ,  ,"302,627 ","4,064,149,100 ",0 ,0 ,13.50 ,13.8 
856,16/07/2018,13.60 ,13.60 ,13.60 ,  ,"208,236 ","2,817,208,000 ",0 ,0 ,13.50 ,13.90 
857,13/07/2018,13.60 ,13.60 ,13.60 ,  ,"450,114 ","6,065,934,200 ",0 ,0 ,13.30 ,13.6 
858,12/07/2018,13.50 ,13.50 ,13.50 ,  ,"472,260 ","6,296,212,000 ",0 ,0 ,13.50 ,13.00 
859,11/07/2018,13.60 ,13.60 ,13.60 ,  ,"1,019,550 ","13,801,363,000 ",0 ,0 ,14.50 ,14.2 
860,10/07/2018,14.50 ,14.50 ,14.50 ,  ,"773,621 ","11,196,365,600 ",0 ,0 ,15.00 ,14.50 
861,09/07/2018,14.90 ,14.90 ,14.90 ,  ,"376,570 ","5,633,991,400 ",0 ,0 ,14.80 ,15.0 
862,06/07/2018,15.00 ,15.00 ,15.00 ,  ,"403,500 ","5,972,035,000 ",0 ,0 ,14.90 ,15.00 
863,05/07/2018,15.00 ,15.00 ,15.00 ,  ,"709,332 ","10,599,678,600 ","290,010 ","3,828,132,000 ",15.50 ,15.6 
864,04/07/2018,15.40 ,15.40 ,15.40 ,  ,"470,972 ","7,290,961,000 ","40,000 ","716,000,000 ",15.60 ,15.00 
865,03/07/2018,15.50 ,15.50 ,15.50 ,  ,"582,141 ","9,080,057,700 ","20,000 ","368,000,000 ",16.00 ,16.4 
866,02/07/2018,16.10 ,16.10 ,16.10 ,  ,"545,010 ","8,695,343,000 ",0 ,0 ,17.40 ,16.30 
867,29/06/2018,16.50 ,16.50 ,16.50 ,  ,"2,331,550 ","40,583,845,000 ",0 ,0 ,17.70 ,17.7 
868,28/06/2018,17.70 ,17.70 ,17.70 ,  ,"2,371,934 ","41,893,303,600 ",0 ,0 ,17.70 ,17.80 
869,27/06/2018,17.60 ,17.60 ,17.60 ,  ,"2,383,660 ","42,072,076,000 ",0 ,0 ,17.20 ,17.5 
870,26/06/2018,17.30 ,17.30 ,17.30 ,  ,"1,663,621 ","28,562,259,000 ",0 ,0 ,17.00 ,16.60 
871,25/06/2018,17.30 ,17.30 ,17.30 ,  ,"1,423,242 ","24,214,807,400 ",0 ,0 ,16.20 ,16.8 
872,22/06/2018,16.50 ,16.50 ,16.50 ,  ,"905,254 ","14,644,041,000 ",0 ,0 ,15.60 ,15.90 
873,21/06/2018,15.70 ,15.70 ,15.70 ,  ,"242,050 ","3,773,566,000 ",0 ,0 ,15.70 ,15.9 
874,20/06/2018,15.80 ,15.80 ,15.80 ,  ,"467,105 ","7,323,869,800 ","30,000 ","471,000,000 ",15.70 ,15.70 
875,19/06/2018,15.60 ,15.60 ,15.60 ,  ,"1,214,571 ","19,011,668,900 ",0 ,0 ,16.40 ,16.2 
876,18/06/2018,16.20 ,16.20 ,16.20 ,  ,"511,900 ","8,378,730,000 ",0 ,0 ,16.90 ,16.90 
877,15/06/2018,16.90 ,16.90 ,16.90 ,  ,"136,855 ","2,310,925,500 ","10,000 ","195,000,000 ",17.00 ,17.0 
878,14/06/2018,16.90 ,16.90 ,16.90 ,  ,"213,544 ","3,625,759,500 ",0 ,0 ,17.00 ,17.00 
879,13/06/2018,17.10 ,17.10 ,17.10 ,  ,"155,561 ","2,641,299,300 ","20,000 ","388,000,000 ",16.90 ,17.0 
880,12/06/2018,16.80 ,16.80 ,16.80 ,  ,"496,500 ","8,383,550,000 ",0 ,0 ,17.20 ,17.20 
881,11/06/2018,17.20 ,17.20 ,17.20 ,  ,"212,670 ","3,668,164,000 ","272,790 ","4,151,242,000 ",17.30 ,17.2 
882,08/06/2018,17.30 ,17.30 ,17.30 ,  ,"330,202 ","5,725,506,000 ",0 ,0 ,17.50 ,17.30 
883,07/06/2018,17.50 ,17.50 ,17.50 ,  ,"429,810 ","7,525,562,800 ","20,000 ","414,000,000 ",18.00 ,17.8 
884,06/06/2018,18.10 ,18.10 ,18.10 ,  ,"464,510 ","8,361,087,000 ","250,000 ","5,025,000,000 ",17.50 ,18.00 
885,05/06/2018,17.80 ,17.80 ,17.80 ,  ,"1,139,018 ","19,934,547,600 ",0 ,0 ,16.80 ,16.9 
886,04/06/2018,17.00 ,17.00 ,17.00 ,  ,"630,751 ","10,608,386,700 ",0 ,0 ,16.90 ,16.90 
887,01/06/2018,16.80 ,16.80 ,16.80 ,  ,"492,203 ","8,309,434,400 ","55,000 ","990,000,000 ",16.90 ,17.1 
888,31/05/2018,17.10 ,17.10 ,17.10 ,  ,"568,270 ","9,590,073,000 ","25,000 ","425,000,000 ",16.70 ,16.90 
889,30/05/2018,16.70 ,16.70 ,16.70 ,  ,"444,610 ","7,414,017,000 ",0 ,0 ,16.70 ,17.0 
890,29/05/2018,17.00 ,17.00 ,17.00 ,  ,"554,469 ","9,253,542,600 ",0 ,0 ,16.30 ,16.00 
891,28/05/2018,16.20 ,16.20 ,16.20 ,  ,"800,668 ","13,089,350,800 ","60,000 ","1,182,000,000 ",17.20 ,16.9 
892,25/05/2018,17.00 ,17.00 ,17.00 ,  ,"545,142 ","9,366,533,700 ","30,000 ","603,000,000 ",17.70 ,17.90 
893,24/05/2018,17.50 ,17.50 ,17.50 ,  ,"326,117 ","5,777,296,000 ","115,000 ","1,866,500,000 ",17.50 ,18.0 
894,23/05/2018,17.90 ,17.90 ,17.90 ,  ,"383,410 ","6,715,759,000 ",0 ,0 ,17.80 ,17.80 
895,22/05/2018,17.80 ,17.80 ,17.80 ,  ,"1,105,900 ","19,726,660,000 ","220,000 ","3,564,000,000 ",19.00 ,18.6 
896,21/05/2018,18.60 ,18.60 ,18.60 ,  ,"422,020 ","8,018,036,000 ","119,000 ","2,071,500,000 ",19.30 ,19.30 
897,18/05/2018,19.00 ,19.00 ,19.00 ,  ,"1,167,350 ","22,498,030,000 ","300,000 ","6,000,000,000 ",20.00 ,20.0 
898,17/05/2018,19.80 ,19.80 ,19.80 ,  ,"1,250,840 ","25,052,045,000 ","1,130,000 ","19,370,000,000 ",19.70 ,19.60 
899,16/05/2018,19.60 ,19.60 ,19.60 ,  ,"752,128 ","14,847,485,000 ","57,210 ","1,144,200,000 ",19.70 ,20.0 
900,15/05/2018,19.90 ,19.90 ,19.90 ,  ,"1,362,810 ","26,881,239,000 ","50,000 ","1,000,000,000 ",19.00 ,18.90 
901,14/05/2018,19.10 ,19.10 ,19.10 ,  ,"515,400 ","9,800,450,000 ","100,000 ","2,000,000,000 ",19.10 ,19.2 
902,11/05/2018,19.20 ,19.20 ,19.20 ,  ,"598,283 ","11,439,991,300 ",0 ,0 ,18.90 ,18.80 
903,10/05/2018,18.80 ,18.80 ,18.80 ,  ,"914,930 ","17,316,126,900 ",0 ,0 ,18.70 ,18.5 
904,09/05/2018,18.40 ,18.40 ,18.40 ,  ,"1,027,640 ","19,218,110,000 ","33,700 ","562,790,000 ",19.60 ,19.00 
905,08/05/2018,19.00 ,19.00 ,19.00 ,  ,"1,158,650 ","22,760,002,200 ","290,000 ","4,785,000,000 ",19.40 ,20.2 
906,07/05/2018,19.70 ,19.70 ,19.70 ,  ,"1,507,397 ","29,296,356,900 ",0 ,0 ,17.20 ,18.00 
907,04/05/2018,17.80 ,17.80 ,17.80 ,  ,"892,272 ","15,375,712,400 ",0 ,0 ,15.90 ,16.2 
908,03/05/2018,16.30 ,16.30 ,16.30 ,  ,"1,016,630 ","16,190,943,000 ","30,000 ","552,000,000 ",16.00 ,16.00 
909,02/05/2018,15.90 ,15.90 ,15.90 ,  ,"923,410 ","14,783,488,000 ","121,000 ","1,585,100,000 ",15.40 ,15.7 
910,27/04/2018,15.70 ,15.70 ,15.70 ,  ,"538,380 ","8,303,225,000 ",0 ,0 ,15.90 ,15.20 
911,26/04/2018,15.60 ,15.60 ,15.60 ,  ,"1,075,626 ","17,093,245,400 ","100,000 ","1,606,500,000 ",16.00 ,16.5 
912,24/04/2018,16.20 ,16.20 ,16.20 ,  ,"741,640 ","11,859,935,000 ","30,000 ","528,000,000 ",16.30 ,16.00 
913,23/04/2018,15.50 ,15.50 ,15.50 ,  ,"1,014,430 ","16,496,665,000 ",0 ,0 ,16.40 ,16.3 
914,20/04/2018,16.00 ,16.00 ,16.00 ,  ,"999,906 ","16,364,356,000 ",0 ,0 ,17.10 ,16.90 
915,19/04/2018,16.90 ,16.90 ,16.90 ,  ,"1,005,600 ","17,163,660,000 ",0 ,0 ,18.00 ,17.9 
916,18/04/2018,17.80 ,17.80 ,17.80 ,  ,"410,798 ","7,373,669,700 ",0 ,0 ,18.00 ,18.00 
917,17/04/2018,18.10 ,18.10 ,18.10 ,  ,"644,577 ","11,613,718,700 ",0 ,0 ,18.20 ,18.1 
918,16/04/2018,18.10 ,18.10 ,18.10 ,  ,"595,032 ","10,837,211,800 ",0 ,0 ,18.90 ,18.50 
919,13/04/2018,18.60 ,18.60 ,18.60 ,  ,"1,265,600 ","23,933,099,000 ",0 ,0 ,19.40 ,19.5 
920,12/04/2018,19.50 ,19.50 ,19.50 ,  ,"412,170 ","7,997,754,000 ","1,000,000 ","16,600,000,000 ",19.50 ,19.40 
921,11/04/2018,19.40 ,19.40 ,19.40 ,  ,"427,023 ","8,345,733,100 ","27,000 ","450,900,000 ",19.60 ,19.6 
922,10/04/2018,19.80 ,19.80 ,19.80 ,  ,"474,200 ","9,275,574,000 ",0 ,0 ,19.40 ,19.40 
923,09/04/2018,19.20 ,19.20 ,19.20 ,  ,"592,846 ","11,499,696,400 ",0 ,0 ,19.70 ,20.0 
924,06/04/2018,19.90 ,19.90 ,19.90 ,  ,"599,902 ","11,826,431,000 ",0 ,0 ,20.50 ,20.30 
925,05/04/2018,20.40 ,20.40 ,20.40 ,  ,"462,819 ","9,482,404,600 ","94,000 ","1,635,600,000 ",20.40 ,20.5 
926,04/04/2018,20.30 ,20.30 ,20.30 ,  ,"628,301 ","12,792,493,700 ","160,000 ","2,856,000,000 ",20.70 ,21.00 
927,03/04/2018,20.90 ,20.90 ,20.90 ,  ,"962,730 ","19,906,226,000 ","126,000 ","2,280,600,000 ",21.20 ,21.0 
928,02/04/2018,21.00 ,21.00 ,21.00 ,  ,"559,016 ","11,832,114,000 ","250,000 ","4,375,000,000 ",20.50 ,20.40 
929,30/03/2018,20.50 ,20.50 ,20.50 ,  ,"659,950 ","13,552,525,000 ","15,000 ","256,500,000 ",20.10 ,20.3 
930,29/03/2018,20.20 ,20.20 ,20.20 ,  ,"704,583 ","14,144,723,600 ",0 ,0 ,19.20 ,19.30 
931,28/03/2018,19.30 ,19.30 ,19.30 ,  ,"485,660 ","9,326,480,000 ",0 ,0 ,19.50 ,19.3 
932,27/03/2018,19.30 ,19.30 ,19.30 ,  ,"587,760 ","11,448,596,600 ","255,000 ","4,734,000,000 ",19.70 ,19.50 
933,26/03/2018,19.10 ,19.10 ,19.10 ,  ,"1,502,781 ","29,645,921,400 ",0 ,0 ,20.70 ,20.5 
934,23/03/2018,20.90 ,20.90 ,20.90 ,  ,"882,815 ","18,287,132,000 ","215,000 ","3,999,000,000 ",21.80 ,21.60 
935,22/03/2018,21.50 ,21.50 ,21.50 ,  ,"860,099 ","18,739,438,000 ",0 ,0 ,22.10 ,22.2 
936,21/03/2018,22.10 ,22.10 ,22.10 ,  ,"549,025 ","12,159,642,500 ","100,000 ","2,154,000,000 ",22.20 ,22.30 
937,20/03/2018,22.00 ,22.00 ,22.00 ,  ,"798,886 ","17,727,500,800 ",0 ,0 ,22.50 ,22.4 
938,19/03/2018,22.40 ,22.40 ,22.40 ,  ,"491,569 ","11,059,346,300 ",0 ,0 ,22.20 ,22.50 
939,16/03/2018,22.50 ,22.50 ,22.50 ,  ,"1,088,100 ","24,208,775,000 ","23,186 ","433,578,200 ",22.00 ,22.1 
940,15/03/2018,21.90 ,21.90 ,21.90 ,  ,"1,514,047 ","33,374,967,600 ","15,000 ","289,500,000 ",22.70 ,22.20 
941,14/03/2018,22.20 ,22.20 ,22.20 ,  ,"1,334,300 ","30,275,710,000 ","60,000 ","1,238,000,000 ",22.90 ,23.0 
942,13/03/2018,23.10 ,23.10 ,23.10 ,  ,"1,583,110 ","36,288,715,000 ","755,000 ","14,826,000,000 ",23.00 ,23.00 
943,12/03/2018,23.30 ,23.30 ,23.30 ,  ,"2,169,077 ","49,985,545,000 ","2,975,000 ","60,392,500,000 ",23.80 ,23.7 
944,09/03/2018,23.70 ,23.70 ,23.70 ,  ,"1,633,750 ","38,927,470,000 ","600,400 ","12,452,120,000 ",23.80 ,23.40 
945,08/03/2018,23.40 ,23.40 ,23.40 ,  ,"2,866,670 ","68,144,816,200 ","1,506,070 ","33,097,719,000 ",25.50 ,25.3 
946,07/03/2018,24.20 ,24.20 ,24.20 ,  ,"8,318,900 ","212,425,650,000 ",0 ,0 ,20.20 ,27.00 
